1tGapyYxZ9o	61060
nOL7AAlBNWE	153122
73z14uurwO8	348359
Hk8IbI7WXwE	658062
HcYkm5HMO-Y	121723
irmjkT-cu9I	2701239
xYKfGcXhpww	22348
01vtM9g8Abo	193775
Ujaa3ar4hCA	1179558
DqHzY0Ye4Rg	545299
h4KVVYkrILo	373469
wbWMeOdrQw8	48213
Ux5Ws6nqdYY	154233
L51jatjkgU4	206130
ebVEtKdILqk	75052
r5n1GCY-nYQ	5621749
DDY6KjQCMoQ	10243159
MXWgNfIeYVA	97520
EaNgb5NZ3z8	386431
V7lHNwP3pes	1571263
aTTRT41kKRk	522097
4TcXhZZM9ss	1060457
2zPILxJQBEE	905292
FnD2ZUAl7tE	65374
lh8qH-QWo9c	118996
m5I6czoUIqk	77966
VCHk9zoFIr8	3375663
qMVd2YRpwxQ	418535
0ob5Cxk_R-I	1190648
zcV5sWLSlpk	36707
Hqvdr91LoSI	1359076
dKxWdLubIT0	649411
lHB5LGnPoxY	34232
m_jpfxJz04I	2672101
xNZLnGcSZm0	323636
-NgoUgB34BA	93236
5l1BNHX_a3s	223070
l8DOByEKujw	136337
0-z2-XUr1yA	81144
OuVXEipPe8c	136300
nY3Pqhs_Jbs	2863496
VhAGdjRFXwM	133162
qiymUC8h-bo	250460
aA0MuS0UhME	266581
rtu9E1LX0Tw	248169
IsFpeXZTWao	263352
NmX1N2p_UUI	136164
-j8ZzRriM9k	540568
k2MpW9v7nJs	53459
UaIw4msLhe4	1116258
HOKEJEDRwxE	130680
ur_zqGDzIjE	208563
i22Lh2Npe-Y	540214
sNB8REXJ4DY	116285
SA2_QS-025Y	115138
q0jyHVYCqX8	130709
i3PVch18sVc	924135
geNqUzG2fRo	135741
T3UtNc-wJ84	131847
XGQIQVsgAQw	487108
Gdzj4rkS5TY	48892
drSVg0q9-1Y	172894
ITjuQpjG3JY	571322
jeVqPpWlPxg	5281368
pqnSZjwlYKY	1150171
fSZ3M_BVWN8	123374
Pr8_TRbTTdU	42713
mFEQT5DBsA4	200887
r1Rrt8iaOUc	2013706
p0IdUrGcy2c	1054370
DKXoha0_Mbk	101978
0LSM2qNu8pw	108070
g4rdMACTFVY	369240
9yPXbe-H0JE	102430
qzmhjYAMmII	217074
vUbIrAC-liE	167039
W0aprJSk9S8	110022
3Qy3f5qthfg	358746
3IFr8Kkx0fA	1135490
dYyj7-UO6tI	152891
NVVgKzJucd8	172243
4vbDFu0PUew	31912493
n_VRY0tzifw	112286
jvXmF56VRWA	173333
47H7E3ccFmg	792600
Tu8TF_SnUQ0	72814
SqSWfSWJNN4	85751
yYLkFpo6BQY	605983
EQMpb4ff9ck	65941
Hes5rrXOekg	74056
vg6Iq_Es3Wk	9670189
qVdc7AvM4xQ	2446168
zRE7bFo0cho	115363
Ja-iRVgOWjU	227455
Cp-n7RgynL4	141938
dAvhFbTZGRU	490312
zIXe1UxUrOw	2615734
bXgKi50XnZc	2517910
E2lBuNyhLrs	641480
LAHR2lYGh0Q	119417
9ac7Zluy9w8	41650
YYvFgtvMFKg	30581
tpIuIATQYVs	345737
9SxHCoWziu4	116350
JeQ17Qb0NQI	417873
cOFuEQEvC3E	2900302
8q1IjEcGu2o	765983
tNN-Tbu__6g	211940
xUZnN_7Xzlk	2304784
AGINmVnr734	674830
j1iFsn3x8AA	104354
ro0HetLVAbo	1356084
ltFy9ThA27M	161798
H0YQmtfphiM	367556
EZ72bVD9Bfs	244874
nPLlfv2wiQI	170164
xjeKAeA1Lj8	426492
cJ0u7fnhkaw	514603
zZNO8aNBYmc	169424
4ANmEbzWbF4	285322
6_u8i1OcBH4	80087
U4lQtX7PNYA	141727
AVpaRRRO0gM	1382916
0FJemj_k_ZU	191616
Yx3K3g4CtoQ	1825206
O7pJejJBr9w	276364
YuKy9EjNTN4	713302
pQz_rMK4ots	736377
0osTt2UYkJI	115438
idGeIQmP0Lg	123776
eTlDVh0xKrU	264945
lyJqXb8Nj-I	1722699
qbOhTXGzZh4	537821
n1khwOk5dN8	8609560
IEjkTpp4yJw	279540
OCedvKSf5Mg	133741
U4dHhS6bk7w	427072
yE1yvl7cBTw	358726
j9QaD_bLVdk	163369
W-ZYifUDIMo	1142869
5Jw_xtZnYkc	384672
FXZ45T-nA7Y	42835
t7Qda07FB-Y	306978
UMrwevgSo5k	718711
eWbdElk6YxU	66178
7dIyd6nbwcY	808439
_H2Nq1dVu-Y	178364
HoQsrReqmyo	2617353
heayyMyhSGU	2793358
zdBthc6fCk4	5970748
ZQPUxXfInfg	507192
8dJyRm2jJ-U	87149121
LiNxfFkymTk	2459871
SeT4Q6iEN4Y	153050
aYqnuUZ2T4Y	109197
MLu7js3nSe4	123472
r_lnDRae93s	557456
PmAXVcvkuQs	145889
MVKU5v_HYDY	91098
JGQcmb5zltc	947715
rSddxs2HR3Q	408442
C59cqcJwLNg	195883
eQdbglCKsOY	189528
CP4FTLJoZhc	411235
Vnk8NZ0sQbE	5232309
feFKlh9TEVw	36421
f7DjkotldmI	246606
Vegglmtrvgs	119821
X7KuvNcth7o	362218
3Yh_6_zItPU	6466499
Ic3BAfaYvXs	114542
Iv5SDd3Od9U	161251
kBArlifCKgo	559743
b-KMBnx_QlE	114405
onnW4U5uMxo	92697
0V6U1l3aU4I	100076
jiKPGreEUZ8	192889
3S5waOa7zxQ	205103
ONj9cvHCado	8588970
TCkI_Tgdkb4	59495
_23K29_RJnA	460789
CpZBJZYJKFE	3634051
eoiNcy1yslQ	597934
o4yjjXq7eKc	345341
I1qF38ue1sc	2563663
tTcpGjVMw-w	262435
EWO0P7zyTyQ	341248
nGdyC3m2Js4	387479
OyDTPY4zoIY	468998
Qw6gX-C0TgI	839840
CgkOp-zTlmc	1606284
L0kdUu5UNa8	60627
omgarDMd5jc	192369
8ykEE8Xbf-w	484908
xDWKW6-H_-c	533117
ZfJcKiqMbZQ	859684
QmH9qzjchRs	356866
coA8DKNivNg	241536
-VlzGSnyjgA	245634
sSNas-89NGc	47012
