fHdU-gzkl-I	ERATOX - Jeste≈õ Mym Na≈Çogiem (Official Video)	2022-04-29T10:01:07Z	10	PT3M25S
_LzE_yWxdqo	wait for it‚Ä¶ üò±ü§£ #shorts	2022-04-30T17:20:53Z	24	PT22S
kdnoxh8vjLo	≈ªycie z traumƒÖ przemocy	2022-05-03T16:54:45Z	22	PT36M8S
760xRU26YNM	PRZERABIAMY POPULARNE HITY MUZYCZNE! (OKI, Mr. Polska, Paris Platynov)	2022-05-03T16:30:01Z	24	PT18M42S
ZF6ILkIzyFo	Wac Toja - KIELISZKI (Official Video)	2022-04-21T13:38:14Z	10	PT2M58S
d0oK0XipfTU	M√≥j dzie≈Ñ z MotoBiedƒÖ i POLONEZAMI - Kickster na odcinie #6	2022-04-28T17:16:17Z	2	PT17M45S
tP0MvwnQr3U	Kinny Zimmer - Jadƒô nocƒÖ na Mazurach 2 ft. Szpaku	2022-04-26T13:00:14Z	10	PT2M34S
rEx-A26tJ58	Beka z 365 dni	2022-04-27T13:49:56Z	24	PT57S
WJojnQkITtg	Marsz czerwony 1 Maja.	2022-05-03T16:00:13Z	24	PT28M40S
tfCTOaou8IU	Misja Futbol #1 | Fina≈Ç Pucharu Polski, stare koty Ancelottiego, Cash i Zalewski na bokach kadry?	2022-05-02T09:35:22Z	24	PT1H9M57S
t4-Vf6L63Js	–î–µ–Ω—å —Å–µ–º–∏–¥–µ—Å—è—Ç—ã–π. –ë–µ—Å–µ–¥–∞ —Å @Alexey Arestovych –ê–ª–µ–∫—Å–µ–π –ê—Ä–µ—Å—Ç–æ–≤–∏—á	2022-05-04T21:05:53Z	25	PT30M21S
mjtTXlIYnbw	Prawda Fina≈Çu! Rak√≥w deklasuje Lecha! "Dru≈ºyna oddaje charakter trenera"...	2022-05-02T21:23:28Z	24	PT1H16M21S
Fw8ZJCRK-sY	ZOBACZCIE MOJE NOWE AUTO	2022-05-01T08:55:13Z	22	PT17M50S
D-Im2mB8btQ	‚ÄûBro≈Ñ, kt√≥rej obecnie nikt inny nie ma". Co mia≈Ç na my≈õli Putin? | GODZINA Z JACKIEM #58	2022-05-01T07:59:24Z	25	PT1H44M42S
JrrHWYu81iI	WYBACZ MI - Suchary #142	2022-05-03T13:24:15Z	24	PT2M11S
-EnO5IHKDmE	KANA≈Å JAPKOMAN - Z≈ÅODZIEJ I MITOMAN	2022-05-03T10:35:11Z	24	PT18M26S
JzTsOwl1nJQ	7. dzie≈Ñ tygodnia w Radiu ZET. Zaprasza Andrzej Stankiewicz!	2022-05-01T08:04:47Z	24	PT55M45S
bFFxJS9Qjnw	150 DNI MINECRAFT HARDCORE vs SPEEDRUNNER!	2022-05-04T16:35:28Z	20	PT21M5S
ETmC5qZIQX8	HIGH League 3 DZIE≈É Z: Denis "Bad Boy" Za≈Çƒôcki	2022-05-03T15:05:17Z	17	PT19M55S
LJenGtkGLeY	rusina - ZEMSTA feat. bary, vkie (üé•: learnhowtohustle/xawito)	2022-04-26T09:59:56Z	10	PT3M56S
xQwQojn9Dcw	UPADEK Balotellego - najbardziej SZALONA KARIERA?	2022-05-02T14:39:20Z	17	PT26M45S
vDHHdq6Cvd0	Doko≈Ñcz Rysunek	2022-04-26T15:45:02Z	24	PT8M1S
v-PP9dk4DDg	üÖΩüÖ¥üÜÜ‚ù§Ô∏èMAJ√ìWKA 2022/2023!!!‚úî‚ù§Ô∏èüòç (MEGAMIX POMPA MAJ√ìWKA 2022) ‚ù§Ô∏è POS≈ÅUCHAJ TEGO SETA!! üíóNAJLEPSZE HITY!	2022-04-29T14:00:33Z	10	PT23M39S
nT3e7zwZJsU	Mentzen ods≈Çania pomnik Morawieckiego	2022-04-29T17:35:46Z	24	PT6M54S
cDV5sVNDDck	JA KONTRA APARAT ‚Äî problemy nastolatk√≥w z urodƒÖ | ≈ömieszne i niezrƒôczne sytuacje od 123GO! CHALLENGE	2022-04-30T15:00:17Z	26	PT9M30S
Q2UIgJfTBOU	rozp≈Çaka≈Çam siƒô...	2022-04-26T15:00:12Z	24	PT16M29S
rlt4IQQITlY	Ukraina dosta≈Ça bro≈Ñ przeciw dronom. Jak dzia≈Ça?	2022-05-01T10:00:33Z	28	PT4M44S
oAyRl0bWRFY	Pan Tadeusz - streszczenie lektury w 9 minut	2022-05-02T09:00:31Z	27	PT8M59S
sQCof2oeUbA	Borixon - Melodyjki (prod. BAHsick)	2022-04-27T13:00:11Z	10	PT2M27S
kB12Q0NU7rA	znajomy od martwych ≈ºart√≥w 3 go≈õc. Kacper B≈Ço≈Ñski	2022-05-04T15:34:31Z	24	PT3M3S
9cWTQPctB_M	Dziady cz. III - streszczenie lektury w 5 minut	2022-05-03T08:00:02Z	27	PT5M45S
VMbFg7z7VpI	TO BY≈ÅO ZA MOCNE... XD OGLƒÑDAMY TIKTOKI	2022-05-04T13:00:34Z	24	PT8M3S
GmPWPuZp1sA	MUSIA≈ÅY≈öMY WEZWAƒÜ POLICJƒò *TENERYFA VLOG*	2022-05-04T13:54:11Z	22	PT22M49S
gRl0LJyG92Q	HIGH League 3: I KONFERENCJA	2022-05-04T20:20:07Z	24	PT3H9M57S
R3GjmkuWuuQ	PODR√ì≈ª DO NETHERU Z CHOMIK ≈öWIR ‚õèÔ∏è Treasure X Minecraft	2022-04-26T16:00:12Z	24	PT11M35S
nVeM3AOY2hM	"Cia≈Ç tych pilot√≥w nie pochowamy, u≈ºy≈∫niƒÖ naszƒÖ ziemiƒô". ‚ÄãTak wyglƒÖda pole bitwy pod Kijowem	2022-04-30T05:19:02Z	25	PT8M36S
KAyvp4FTFUQ	Czego NIE m√≥wiƒÖ: POLACY 6	2022-04-28T15:58:48Z	24	PT2M33S
bzuDEtAjBPQ	ZDRADZAM MOJEGO FRYZJERA! | POLEROWANIE W≈ÅOS√ìW	2022-04-29T17:21:53Z	22	PT19M24S
pz14QTJrito	365 Dni, czyli ten dramat powraca?	2022-04-29T10:56:31Z	24	PT14M35S
kA81LzzdDGw	CRAZY Real Madrid DRESSING ROOM after reaching CHAMPIONS LEAGUE FINAL!	2022-05-04T23:56:08Z	17	PT3M1S
7zq34_ZGsqY	REAKCJA VITO NA JEGO POSTAƒÜ W TOCA BOCA!üòÇ*z kamerƒÖ*| Vito i Bella	2022-05-02T14:47:40Z	20	PT12M50S
IajEJAOpbzI	FREESTYLE NA MISTRZOSTWACH POLSKI W POEZJI	2022-04-28T15:58:00Z	22	PT10M14S
BH1XO-lbgw4	Ko≈Ñczymy blacharkƒô i stawiamy AMG na ko≈Ça! | Mercedes CL55 AMG	2022-04-25T16:00:07Z	2	PT25M7S
Q0ROOgIWc04	JAK POWSTA≈ÅA PIOSENKA PALION "GRA"! (dzie≈Ñ z PALIONEM)	2022-05-02T18:00:13Z	24	PT22M10S
1M9A2LwmCYo	Kacper HTA - Hip Hop 4 Ukraine prod. Druid	2022-04-29T09:06:58Z	10	PT3M7S
CA7_BMEJz3U	PIƒòKNI I M≈ÅODZI Magdalena Naro≈ºna - GorƒÖcy Wiatr (Eyo Eyo) (Oficjalny teledysk)	2022-04-29T14:00:12Z	10	PT3M21S
FIBaJilCGL0	WRACAM na STRONƒò PALIONOWA w Minecraft!	2022-04-29T16:30:04Z	20	PT18M16S
m9gUuGqHsFs	Ka≈ºdy z nas siƒô od TEGO uzale≈ºni≈Ç:	2022-04-28T16:51:52Z	22	PT37S
F0fMoqY9qI0	Samsung vs iPhone  - Which one survives a BOWLING BALL?	2022-04-29T09:40:45Z	28	PT58S
NbH10unWiV8	Terenowe testy Toyoty Grzegorza Dudy	2022-05-03T17:00:07Z	2	PT12M27S
cQFin1k1hQ4	EKIPA VS GENZIE W TABOO!	2022-04-24T13:57:46Z	22	PT13M12S
_-UT5mrGtb4	ile zarobiƒô MAGNESEM w 24H!	2022-04-27T12:01:02Z	24	PT8M15S
rJmFVWGkgxA	PLAYBOYS - Tak ju≈º zostanie (Oficjalny teledysk)	2022-04-27T15:00:12Z	10	PT3M54S
GxkcwtT4bh0	DiscoBoys - Niebieskie Oczy (Official Video)	2022-04-21T16:00:13Z	10	PT3M19S
MFexmKGDr08	LETNI- "La KIE≈ÅBA" (SB Maffija- Lawenda PARODIA)	2022-04-29T16:18:44Z	10	PT3M38S
MFJXVifOwJM	WYJA≈öNIAM OLEJNIKA, WIELKI W≈ÅODARZ MNIE OCZERNIA	2022-05-02T15:30:03Z	24	PT12M11S
jeVqPpWlPxg	BTS (Î∞©ÌÉÑÏÜåÎÖÑÎã®) ‚ÄòProof‚Äô Logo Trailer	2022-05-04T15:02:57Z	10	PT5M21S
44eiT--RN6U	TAKI WYGLƒÑD WASZ GENERACJA Z	2022-05-04T11:07:55Z	22	PT31M3S
pqvwYlaefP8	KUPILI≈öMY DOM MARZE≈É	2022-05-04T16:57:18Z	22	PT21M13S
UdUL92O17kE	#140 Przez ≈öwiat na Fazie - Malowid≈Ça naskalne w Lass Geel | SOMALIA |	2022-05-01T09:57:38Z	19	PT23M3S
iH8mWNKM8xU	Married to the Met | Get Ready for the Met Gala with Me	2022-05-04T19:11:04Z	22	PT9M11S
d8jHBC7KUKw	Ma≈Çpa - Kundel (prod. Steve Nash x Ma≈Çpa)	2022-05-04T11:58:21Z	10	PT3M51S
cNVgMk2oLQ4	Young Leosia - Rok Tygrysa (prod. Broke Boys)	2022-04-27T11:00:17Z	10	PT2M21S
Ug-xUfLIivE	Wyzwanie z Dekorowaniem Ciasta #1 od Multi DO Challenge	2022-04-25T14:00:12Z	22	PT20M6S
FtYkJe9w4eo	Pal Hajs TV - 154 - Nalewka z Pƒôd√≥w Sosny	2022-04-29T09:58:47Z	19	PT1H30M10S
7ML5HuZDtw8	Popkillery 2022 - IV gala wrƒôczenia nagr√≥d Hip-Hopowych | LIVE	2022-04-26T21:09:13Z	10	PT3H35M31S
FXg1DGfgIq4	Ma≈Çpa - Pamiƒôtaj kto 2 (prod. Czarny HIFI, skrecze The Returners)	2022-04-22T12:58:30Z	10	PT3M18S
G_sXw-9s83Y	Minecraft, ale zamknƒôli mnie w pude≈Çku 3x3x3	2022-04-30T07:00:13Z	20	PT24M45S
LwLaJbNOqYU	–ë—ñ–ª–æ—Ä—É—Å—å–∫—ñ —É–ª—å—Ç—Ä–∞—Å –∑–∞ –£–∫—Ä–∞—ó–Ω—É/ –•–∞—Ü–∫–µ–≤–∏—á —Ä–æ–∑–Ω–æ—Å–∏—Ç—å –ª—É–∫–∞—à–µ–Ω–∫–∞/ –≤—ñ–π–Ω–∞ –≤ —Ä–µ–∂–∏–º—ñ —Ç—ñ–∫-—Ç–æ–∫	2022-04-29T09:30:09Z	17	PT1H25M31S
QTdaJHXS8rQ	Za 70 tys. z≈Ç kupi≈Ç dom z dzia≈ÇkƒÖ. Ruinƒô zmieni≈Ç w przepiƒôkny dom. Pomys≈Ç na Dom #40	2022-04-29T16:00:11Z	26	PT11M50S
tw0gG3NV9YE	Przemy≈õlenia Niekrytego Krytyka: DLACZEGO JA? vol 15	2022-05-02T14:59:32Z	24	PT22M15S
TyAmmAA7hQc	Zawieszenie gotowe, wiƒôc czas na RODEO! | Mercedes CL55 AMG	2022-05-02T17:35:15Z	2	PT35M25S
1yuTJMFGxEw	–ê—Ä—Ç—É—Ä –°–º–æ–ª—å—è–Ω–∏–Ω–æ–≤: ¬´–í—Å—è –µ–≥–æ –∂–∏–∑–Ω—å ‚Äî —ç—Ç–æ —Å–ø–µ—Ü–æ–ø–µ—Ä–∞—Ü–∏—è¬ª // ¬´–°–∫–∞–∂–∏ –ì–æ—Ä–¥–µ–µ–≤–æ–π¬ª	2022-04-28T14:59:51Z	22	PT1H41M47S
0gAfB8YGQlQ	DYM KNF - PULS prod. Phono CoZaBit skrecze DJ HWR	2022-04-28T14:00:22Z	10	PT3M25S
may0wSpC5X0	DEYS - ZOOM	2022-05-04T11:48:11Z	10	PT3M47S
yLXKqhKaQjc	TO JACHT RONALDO ZA 10 MLN $ üò± #shorts	2022-05-03T14:45:24Z	17	PT22S
ZfQgia8y85g	"Nie chcia≈Çam umieraƒá na scenie". Dlaczego zniknƒô≈Ça z film√≥w? El≈ºbieta ZajƒÖc√≥wna	2022-04-30T08:03:01Z	22	PT20M9S
9N0pRm_atEI	MIKROSKOPOWA konfrontacja jednoraz√≥wek! 10 ostatnich film√≥w AdBustera (cz. 2)	2022-04-30T19:01:37Z	24	PT11M29S
R5E_DcitNBI	NOWY KOSMICZNY UPDATE NA BROOKHAVEN RP	2022-04-29T18:00:08Z	20	PT12M38S
DmQ4Dqxs0HI	AI Learns to play JUMP KING	2022-04-30T15:16:44Z	27	PT27M12S
4E5iJbK1-Lw	Waldemar Kasta ft. Sarius - Delirka	2022-04-29T09:59:59Z	10	PT3M46S
MOifIuOhBiA	–î–µ–Ω—å —à–µ—Å—Ç—å–¥–µ—Å—è—Ç –¥–µ–≤—è—Ç—ã–π. –ë–µ—Å–µ–¥–∞ —Å @Alexey Arestovych –ê–ª–µ–∫—Å–µ–π –ê—Ä–µ—Å—Ç–æ–≤–∏—á	2022-05-03T19:44:56Z	25	PT39M30S
T-phq7QKN_I	JEDNAK NIE BUDUJEMY DOMU ü´†üò• | JDabrowsky i Sylwia Przybysz	2022-04-29T12:02:59Z	22	PT11M46S
1D-H_7W6pZs	B.R.O - Jeszcze Bƒôdzie Piƒôknie	2022-04-24T09:59:29Z	10	PT3M22S
4vbDFu0PUew	LE SSERAFIM FEARLESS OFFICIAL M/V	2022-05-02T08:58:13Z	10	PT3M3S
yq6_Z7fi0q4	Czy kupi≈Çem Nissana Skyline R34? | Co z MazdƒÖ RX7? Jakie sƒÖ szanse na wygranie Nissana? Q&A!	2022-05-04T12:00:29Z	22	PT21M3S
SGMxo7cRi24	Czy Rosja ZBANKRUTUJE ?	2022-04-30T07:00:15Z	27	PT56M50S
FBVrdMAnZpM	SZOKUJƒÑCA INFORMACJA NA TEMAT PUTINA	2022-04-23T17:57:00Z	27	PT23S
RXF9oupPE_E	Ciumkaj loczki: TRUDNE SPRAWY 90	2022-05-01T10:00:11Z	24	PT47M41S
jCcdH4imZ8o	zapomnieli≈õmy o jej urodzinach...	2022-04-30T09:00:20Z	24	PT15M33S
DgCTlhAqGjQ	Bli≈∫niaczki - Bli≈∫niaczki dwie (Oficjalny teledysk)	2022-04-28T13:00:11Z	10	PT3M20S
enZxKJnMzRA	Czy Rosja u≈ºyje broni jƒÖdrowej? Jak odpowie Zach√≥d? - Jacek Bartosiak i Piotr Zychowicz	2022-04-27T18:00:12Z	22	PT1H16M24S
3PXENu6PvkQ	kukon - nowy dom	2022-05-01T18:16:37Z	10	PT3M2S
rJYPadEC_PM	Motywy na maturƒô z polskiego 2022  z lektur, jakie mogƒÖ byƒá na maturze. Zapis wydarzenia z Maturalni	2022-04-27T06:00:09Z	27	PT48M9S
oSwZ_BckDvc	Johnny Depp trial: Judge rejects Amber Heard's demands for dismissal | LiveNOW from FOX	2022-05-03T16:44:35Z	25	PT4M31S
ujjflEi6lV4	365 dni 2: Ten pa≈∫dzierz - Recenzja #636	2022-04-30T16:50:51Z	24	PT21M48S
_83AOaZ3Iyg	Benzz - Je M'appelle [Music Video] | GRM Daily	2022-04-21T17:30:27Z	10	PT2M24S
bFgRGA8rjoU	üèñÔ∏èDisco Polo 2022: MAJ√ìWKA - Najnowsze Hity! | Vivat, Top Girls, Boys i inni!	2022-04-30T15:00:31Z	10	PT1H23M26S
OEOEX_ExDnM	Maj√≥wka ze Szwagrami / Zako≈Ñczenie zbi√≥rki na film	2022-04-27T15:00:13Z	24	PT1M57S
hfClU7lZyQA	JAK PRODUKUJE SIƒò TRAWƒò W ROLCE? Inny wymiar rolnictwa. | DO ROBOTY	2022-05-01T14:57:09Z	27	PT24M30S
XynFyyAX1f8	Referendum 3xTAK	2022-05-03T13:45:02Z	27	PT11M23S
YWFkjaa8yfE	BƒòDƒÑ NOWI CZ≈ÅONKOWIE GENZIE?! CZY TO PRAWDA, ≈ªE‚Ä¶	2022-04-26T12:00:15Z	24	PT33M36S
c0wUKCekI34	Michele Morrone - Another Day (Official Music Video)	2022-04-27T15:00:11Z	10	PT3M8S
IeW67q_B1KI	Wiadomo≈õci ze ≈õwiata kryptowalut 04.05.2022	2022-05-03T23:14:52Z	27	PT52M3S
4PjL4x4k-zI	Anna-Maria Sieklucka o nieprzyjemnym seksie w 365 dni i romansie z Morrone!	2022-04-26T21:18:52Z	24	PT2M12S
r1ls5jQrcw0	Micha≈Ç Kempa: nie ma siƒô z czego ≈õmiaƒá	2022-05-04T17:00:22Z	22	PT2H41M40S
ZQBefPPcN_4	–ó–≤—ñ–ª—å–Ω–µ–Ω–Ω—è –•–∞—Ä–∫—ñ–≤—â–∏–Ω–∏. +200 —Ç–∞–Ω–∫—ñ–≤ –≤—ñ–¥ –ü–æ–ª—å—â—ñ üáµüá± –û–∫—É–ø–∞–Ω—Ç —Å–∞–º–æ—É*–±–∞–≤—Å—è –Ω–∞ –∫–∞–º–µ—Ä—É. 65 –¥–µ–Ω—å	2022-04-29T20:57:41Z	25	PT5M57S
HzLKWOkPhgQ	100 DNI MINECRAFT HARDCORE vs SPEEDRUNNER!	2022-04-26T17:01:25Z	20	PT26M55S
p5vPT_vmV3o	Alberto - P√ì≈ÅNOC feat. p3 Prod.CarouselBain & ayotasso	2022-04-22T10:00:34Z	10	PT2M38S
-k9hMjhZbgc	Dziunia Show - Las (NOWA KREACJA)	2022-05-02T08:54:22Z	1	PT1M16S
GwBNFNO3GcA	POLECIA≈ÅEM ODEBRAƒÜ NAGRODƒò ZA RAPERA ROKU.. i kilka innych	2022-05-01T13:59:46Z	22	PT10M13S
4Aav3Of0p0o	Fryderyk Festiwal 2022 cz. II	2022-04-29T21:34:01Z	24	PT2H45M50S
2qiL-qMdMl4	Kacper HTA - Krwawy spektakl prod. Druid	2022-04-26T11:32:11Z	10	PT3M12S
Tvva9IhMWfM	–ù–û–ß–¨ –í –ù–û–í–û–ú –•–ó–ë! –ü–†–û–ù–ò–ö –í –°–ï–ö–†–ï–¢–ù–´–ô –ó–ê–ë–†–û–®–ï–ù–ù–´–ô –ë–£–ù–ö–ï–†	2022-05-01T20:59:34Z	24	PT1H4M41S
tvJwv-6oNOQ	¬´–¢–µ—Ä–ø–∏, –∑–∞–π—á–∏–∫—É, —Ç–µ–ø–µ—Ä –≤—Å–µ –±—É–¥–µ —Ö–∞—Ä–∞—à–æ¬ª ‚Äî —Ä–µ–ø–æ—Ä—Ç–∞–∂ —ñ–∑ –õ–∏–º–∞–Ω–∞, –Ω–∞ —è–∫–∏–π –Ω–∞—Å—Ç—É–ø–∞—é—Ç—å —Ä–æ—Å—ñ—è–Ω–∏ | hromadske	2022-05-03T06:50:12Z	25	PT19M24S
nRDRABVR3y4	TROLLUJƒò PRZYJACIELA JAKO POTWORY Z FNAF	2022-05-01T12:00:14Z	20	PT9M27S
WfmQU5xE-Ss	Krem o smaku twojego ulubionego batona	2022-04-18T13:00:27Z	26	PT28S
nkkc0IRQoC8	WuWunio - ≈ªulin - feat. Bodychrist & Luiza	2022-05-04T09:37:20Z	19	PT3M59S
7-c3PFsrnVE	8 ODKRYƒÜ KOSMETYCZNYCH, kt√≥re ‚ÄûMUSISZ ZNAƒÜ‚Äù!!! ü§©	2022-04-27T16:00:37Z	26	PT21M45S
Yx3K3g4CtoQ	Lady Gaga - Hold My Hand (From ‚ÄúTop Gun: Maverick‚Äù) [Official Audio]	2022-05-03T04:00:18Z	10	PT3M46S
SGqPvHBsug8	BOGATY vs ≈öREDNI vs BIEDNY UCZE≈É W SZKOLE!	2022-04-26T16:07:19Z	24	PT12M50S
lzqDEe4AZ-A	Rosja uderza w magazyny broni NATO. Do sieci trafi≈Ço nagranie z ataku	2022-04-28T16:30:07Z	25	PT41S
kJN5RDgksxA	SKANDAL NA NARODOWYM! KIBICE LECHA NIEWPUSZCZENI NA FINA≈Å! KORDONY POLICJI	2022-05-02T16:39:37Z	17	PT1M47S
iDiNeoOtR84	ODTWARZAMY PRZEPISY Z TIKTOKA Z MOIM CH≈ÅOPAKIEM	2022-05-01T16:00:19Z	24	PT22M45S
zX63QzrGNv4	ROYAL DIVISION TO PORA≈ªKA (NITRO ATAKUJE BOXDELA, PUDZIAN ODWALI≈Å, SKOK NA BUNGEE, LALUNA VS XAYOO)	2022-05-04T13:03:04Z	20	PT13M18S
4BsA43HJtU4	Dawid, Artysta & V≈Çodarski - PAPI (Odliczamy do Wakacji; 50 dni)	2022-04-29T15:00:12Z	10	PT1M58S
_TrYTV3KMls	DZIENNIKARSKIE ZERO #41 - SZKLANKI KANA≈ÅU, CZYLI WPADKA WSZECH CZAS√ìW	2022-05-03T07:00:09Z	17	PT11M14S
xNgxUVpV1hA	My name is Puff, and I make Marshmallow Waffles #thatlilttlepuff #puffknowsbetter #catsofyoutube	2022-05-01T02:24:43Z	15	PT30S
jZJHGIrq25w	Gdy do studia przyjdzie nieogarniƒôty raper	2022-04-23T11:37:35Z	10	PT24S
OKikGDmonKU	MOJA CHOROBA	2022-05-02T14:46:16Z	20	PT21M24S
gMtbVzF6tFE	Coachella Vlog 2022 - Harry Styles ! Czƒô≈õƒá 1/2 - Agnieszka Grzelak Vlog	2022-04-27T14:00:11Z	24	PT22M59S
DoSUAqYmobY	Menelaos - Prima Sort (Truskaweczka) Official Video	2022-04-28T16:00:11Z	10	PT3M8S
lyJqXb8Nj-I	The 10 best dressed from the Met Gala 2022 | Bazaar UK	2022-05-03T08:00:56Z	24	PT3M2S
bhBNahf_b6o	BMW M3 Comp @TheNitroZyniak | Niespodzianka dla Poczciwego Krzycha - MOTO-SHOW	2022-05-02T12:45:00Z	2	PT38M15S
n1khwOk5dN8	Justin Bieber - Honest ft. Don Toliver	2022-04-29T04:00:17Z	10	PT3M32S
majXdhyhh0A	Czego NIE robiƒá w SZPITALU	2022-04-28T14:03:27Z	24	PT15M2S
7SVTUhkc7Hs	MOJA KOLEKCJA ZEGARK√ìW (ROLEX, CARTIER, TUDOR)	2022-05-01T11:58:11Z	24	PT30M2S
OJ2B4Fb7xQQ	Ed Sheeran ‚Äì 2step ft Antytila [Official Video]	2022-05-02T07:00:02Z	10	PT2M35S
25_ngAqZEp0	MCDONALD'S DOSTƒòPNY W MARKETACH!	2022-05-03T12:00:01Z	24	PT19M18S
dGptOlDUw1o	DENIS ZA≈ÅƒòCKI VS. DON DIEGO NA JEDNYM WYWIADZIE! MOCNA KONFRONTACJA PRZED ICH WALKƒÑ!	2022-04-28T21:04:40Z	17	PT1H6M53S
xzqGVmY18MA	TEORIA ATOMOWA JEST PRAWDZIWA!! SpongeBob Bomba Teoria	2022-04-28T19:18:27Z	24	PT5M47S
tuweKNR7WY0	Making OF 53 - Ferie i Walentyna u Szwagra	2022-04-30T06:30:06Z	24	PT12M17S
4-pdqDTaYyo	RUSKIEFAJKI  - Z≈ÅA (prod. SHDOW)	2022-05-02T13:00:11Z	10	PT2M43S
qR1zxfV9e18	Dlaczego w kopalniach wybucha metan?	2022-04-28T16:28:57Z	28	PT12M29S
ex0HPagzuvs	TEN PI≈ÅKARZ MA SAMOCH√ìD ZA 30 MLN $ üò± #shorts	2022-05-03T11:40:20Z	17	PT21S
q2cGvvdsmoU	Najdro≈ºszy vs Najta≈Ñszy TORT z MINECRAFT	2022-04-30T10:00:22Z	24	PT8M2S
9Odjk_W8DZI	Legun na Ukrainie - premiera mundur√≥w	2022-05-01T12:32:56Z	27	PT9M31S
HgdMgh0RXm0	Spermiarze - jak niszczƒÖ rynek matrymonialny?	2022-05-04T18:51:29Z	27	PT15M13S
13gZ93TkXZA	SPƒòDZI≈ÅEM 50H W NAJMNIEJSZYM MIESZKANIU ≈öWIATA!	2022-05-02T16:14:03Z	24	PT10M16S
rQ_IL-5haUw	Pezet - Ukryty W Mie≈õcie Krzyk (Live, Popkillery 2022)	2022-04-28T12:59:54Z	10	PT3M39S
xN08oBm3-OU	NOWY WYWIAD Z BUDDƒÑ *Ostateczne rozliczenie z przesz≈Ço≈õciƒÖ | DU≈ªY W MALUCHU	2022-04-27T18:08:14Z	22	PT58M39S
zdBthc6fCk4	Varane's First United Goal! | Manchester United 3-0 Brentford | Highlights	2022-05-02T23:12:57Z	17	PT2M46S
Z-Dvgq85x3Q	JACEK MURA≈ÉSKI OSTRO O NITRO: NIECH POKA≈ªE CHOCIA≈ª CIE≈É DOWODU TO CHOWAM SIƒò NA ZAWSZE!	2022-05-03T12:57:51Z	17	PT53M54S
8dJyRm2jJ-U	PSY - 'That That (prod. & feat. SUGA of BTS)' MV	2022-04-29T09:00:10Z	10	PT3M37S
lqA85f4oWtU	SEKRETNA PODR√ì≈ª NA KSIƒò≈ªYC BROOKHAVEN RP	2022-05-01T18:00:13Z	20	PT8M22S
M1az5DjO_kU	WYZWANIE INFLACYJNE #4 - Trzy dania dla czterech os√≥b za 20 Z≈ÅOTYCH | 'Ni mom pojƒôcia co robiƒô'	2022-04-28T13:30:30Z	23	PT45M40S
RfV3PM4PR_8	Jacu≈õ ft. TEDE - DZWONNIK Z NOTRE DAME	2022-04-22T13:00:00Z	10	PT3M48S
dO8G4kMhMvE	‚ô™ PALION - GRA [OFFICIAL MUSIC VIDEO] ‚ô™	2022-04-29T18:00:12Z	10	PT3M21S
2e5jP5hOqeE	68. DERBY ≈ÅODZI | ≈ÅKS ≈Å√≥d≈∫ - Widzew ≈Å√≥d≈∫: studio derbowe oraz transmisja radiowa	2022-05-03T19:49:11Z	17	PT6H6M31S
-wnvU4qAnM0	Skute Bobo & Young Leosia - CICHO #fundacja420	2022-04-20T14:20:04Z	10	PT2M11S
g0EqOikZsJY	Droga do Rzymu z PrzyczepƒÖ KempingowƒÖ !!! - Zalany Wiadukt - Zostawiam Rodzinƒô i szukam Nowej TRASY	2022-05-04T17:02:42Z	22	PT30M34S
nwduENqvb14	Mi≈ÇyPan & Defis & Topky - JEDEN TANIEC JEDNA NOC (OFFICIAL VIDEO)	2022-04-28T15:00:17Z	10	PT4M17S
3GDG1pqiKNw	Marcin Hakiel i Kasia Cichopek - TO ON ZDECYDOWA≈Å O ROZSTANIU! [Miasto kobiet]	2022-05-01T11:00:03Z	26	PT2M36S
DLvQMk7KZXk	MIRAGE & YOKO - Miƒôta   (Official video 2022) 4K	2022-04-28T14:36:44Z	10	PT4M3S
OtDC2VYOsyk	ta TORTURA Z≈ÅAMA≈ÅA NASZƒÑ PSYCHIKƒò	2022-05-04T15:00:11Z	24	PT15M47S
BttjSmLiv4o	Gimpson x Friz x Mamiko x Remo - BOMBSITE B	2022-04-22T15:00:17Z	10	PT3M21S
8FuNrCc8ggM	PUSHER x OSKA030 x POLSKI BANDYTA - CALI BAGS (prod. Lotuseffekt)	2022-04-28T14:10:38Z	10	PT3M4S
BiFIvEGnMOw	NOWY WYGLƒÑD MOJEGO MUSTANGA!	2022-05-01T14:00:05Z	24	PT8M9S
zRRulQ54K1I	MATURA oczami UCZNIA	2022-05-03T14:12:15Z	24	PT6M46S
zVFaFn_by4k	iPhone 14/ 14 Pro | Co tu sieÃ® odwali≈Ço?!	2022-05-04T14:00:05Z	28	PT10M7S
E7lcnNjlmfo	Pierwsze pr√≥by Krystiana OCHMANA do Konkursu Eurowizji!	2022-05-04T08:30:01Z	24	PT2M55S
7OPg-ksxZ4Y	The Most Horrible Parasite: Brain Eating Amoeba	2022-05-03T13:59:29Z	27	PT10M40S
bMpcxMYZHDo	Ukrai≈Ñcy uderzajƒÖ w Rosji. Co zrobi Putin? - Jaros≈Çaw Wolski i Piotr Zychowicz	2022-04-25T18:00:12Z	22	PT1H11M47S
tlKpIcN1RQg	GRUBA ZADYMA na CAGE FAMEMMA! üí¶	2022-04-26T15:11:12Z	24	PT23M28S
4Uz2LBWhItk	GENIALNE HACKI NA KA≈ªDƒÑ OKAZJƒò || Hacki i triki szkolne od 123 GO! GOLD	2022-04-29T15:00:02Z	24	PT29M55S
sjXm6eZyvv8	ALE TO BY≈ÅA AWANTURA! DENIS ZA≈ÅƒòCKI NA GORƒÑCO KOMENTUJE B√ìJKƒò OJCA Z ALANEM: CHCIA≈Å MU PRZET≈ÅUMACZYƒÜ	2022-05-04T20:03:58Z	17	PT8M57S
c_Zvc1-6IVc	zmieni≈Çam siƒô	2022-04-30T11:01:57Z	24	PT19M10S
3Yh_6_zItPU	Obi-Wan Kenobi | Official Trailer | Disney+	2022-05-04T12:46:12Z	24	PT1M29S
pTWvJMCrvYg	PRZEGLƒÑDAM STARE POSTY YOUTUBER√ìW XD (Friz, Monika Kocio≈Çek, Multi, Lexy, Wardƒôga, Wersow itd)	2022-05-02T08:15:03Z	24	PT14M17S
ONj9cvHCado	Rammstein - Angst (Official Video)	2022-04-29T15:00:14Z	10	PT5M45S
orQmcFszdyQ	2115 - WIƒòCEJ DYMU üí®üí®üí®	2022-04-30T19:15:05Z	10	PT2M50S
xWbLiVHyQEQ	Fryderyk Festiwal 2022 cz. I	2022-04-29T17:36:20Z	24	PT55M48S
rmpTkRnvMyM	–î–µ–Ω—å —à–µ—Å—Ç—å–¥–µ—Å—è—Ç –≤–æ—Å—å–º–æ–π. –ë–µ—Å–µ–¥–∞ —Å @Alexey Arestovych –ê–ª–µ–∫—Å–µ–π –ê—Ä–µ—Å—Ç–æ–≤–∏—á	2022-05-02T19:41:31Z	25	PT37M45S
DYb00-Kgx2w	Chwytam wiatr (Touch the Sky - Brave - Polish version) Sylwia Przetak	2022-05-04T18:16:17Z	10	PT5M6S
1MNLuf5Zrsc	Piotr ZOLA Szulowski - Please, stand-up (Spodek, Katowice)	2022-04-29T07:19:24Z	23	PT15M42S
c88YqsUcioo	Marcin Hakiel zdradzi≈Ç szczeg√≥≈Çy rozstania z Cichopek! Dosz≈Ço do zdrady...	2022-04-30T11:03:15Z	26	PT3M16S
cgCRWdSFfkY	NOCNY KOCHANEK - Wampir (Oficjalny Teledysk) (2022)	2022-04-26T08:00:31Z	10	PT4M45S
il9tQBC9Rdo	JAK W BEZPIECZNY SPOS√ìB PRZEMYCIƒÜ KOSMETYKI || Mn√≥stwo zabawnych pomys≈Ç√≥w od 123 GO! SCHOOL	2022-04-30T14:00:16Z	26	PT9M8S
S9AU_xPmg-E	ROBIMY WIELKI TORT - Urodziny Dzik Energy	2022-04-26T13:00:14Z	22	PT20M45S
qmW-4x95vqY	–ñ–î–ê–ù–û–í: –∂–¥–µ–º –∫—É–ª—å–º–∏–Ω–∞—Ü–∏—é –Ω–∞—Å—Ç—É–ø–ª–µ–Ω–∏—è! –ö—Ç–æ —Ç–µ–ø–µ—Ä—å –≤—Ç–æ—Ä–æ–π –ø–æ—Å–ª–µ –ü—É—Ç–∏–Ω–∞, –ì–µ—Ä–∞—Å–∏–º–æ–≤ –≤ –ò–∑—é–º–µ	2022-04-30T13:30:10Z	25	PT36M39S
ijS_orLb6VU	Ava Max - Maybe You‚Äôre The Problem (Official Video)	2022-04-28T19:16:58Z	10	PT3M17S
uLkJ4UosFgA	Kafar Dix37 ft. Hinol Polska Wersja - Na otwartym sercu (prod. Poszwixxx)	2022-04-20T11:00:12Z	10	PT3M10S
NtmnxwriCjk	Ruski mir	2022-05-01T20:33:20Z	25	PT1H7M56S
NBLoY4QWsd8	Johnny Depp ‚Äì mƒôsko≈õƒá aktora, prowokacja Amber Heard i sabota≈º prawnika...	2022-04-29T15:00:22Z	24	PT10M3S
FJPLXnN5tV4	‚ô™ PALION - GRA [TRAILER] ‚ô™ - PREMIERA DZISIAJ!!!	2022-04-19T18:00:03Z	10	PT15S
F4xMbd9_Ips	CHOWANY W WIELKIM PA≈ÅACU O 10.000 Z≈Å!	2022-04-23T18:52:02Z	24	PT16M52S
6N22wYwItDs	Ronela Hajati - Sekret - Exclusive Rehearsal Clip - Albania üá¶üá±  - Eurovision 2022	2022-05-04T10:22:22Z	24	PT45S
7ph2lY6lMR8	Znam ca≈ÇƒÖ prawdƒô!	2022-05-03T12:34:33Z	1	PT1M26S
6IEW4co4MIE	MEGA cama el√°stica #shorts	2022-04-21T21:40:00Z	24	PT27S
KF5j9lNiJM4	üö© ZAKRZEPICA ≈ºylna. üö© TOP produkt√≥w ZAKAZANYCH. üö© Co pomo≈ºe rozpu≈õciƒá zator?	2022-05-02T17:30:12Z	27	PT13M46S
