video_id	title	size	category_ratio	views	comments	likes	views_wma	comments_wma	likes_wma
RYqCp7DhSog	EL NETHER INVADE EL PLANETA | IMPERIOS #3	1211.5	0.12	705031.0	3380.0	68931.0	677834.0714285715	3315.4285714285716	67587.96428571429
iHpirPqHu0c	TIKTOK me hizo comprar todo esto... de nuevo üò®	528.5	0.04	201134.0	421.0	17270.0	193132.4642857143	417.10714285714283	16797.321428571428
XwG55kTNs_0	Analizo a Rammstein versionando a H√©roes del Silencio (Entre dos tierras) | ShaunTrack	333.5	0.02	365421.0	1149.0	18542.0	329851.0	1073.7857142857142	17360.178571428572
RO97n4rHLLU	CANTA CANTA - MAXIMUS, RUBIUS, ORSLOK, MANGEL, CHEETO (VERSI√ìN EDITADA)	537.0	0.23	317648.0	1070.0	38508.0	291621.53571428574	1020.0357142857143	35883.25
hRffZKY8oqA	üî• TRANSFORMA TU CUERPO Y PONTE EN FORMA - HAZ estos EJERCICIOS en CASA - D√çA 1 del RETO FUERTACO üí™	999.0	0.02	140111.0	650.0	9316.0	129846.35714285714	640.5714285714286	8813.785714285714
_VxUbjsMyQs	rubius vino a mi directo a darme un regalo‚Ä¶	426.5	0.12	1668762.0	2716.0	159985.0	1596732.0714285714	2697.5	154934.67857142858
7t1-J40L_rM	Demarco Flamenco - Valent√≠a (Lyric V√≠deo Oficial)	95.0	0.17	467747.0	339.0	12669.0	420773.53571428574	321.89285714285717	12042.92857142857
_-DxRpFt8Z8	#FMSARGENTINA Jornada 3 Temporada 4 - #FMS22 | Urban Roosters	10163.0	0.17	1232549.0	1153.0	39331.0	1223138.892857143	1142.607142857143	39172.21428571428
-NF0TGFka4w	üíÉüèª As√≠ me preparo para ir a la Feria üíÉüèª| La Pelo	264.5	0.23	100107.0	360.0	6675.0	94010.96428571429	349.5357142857143	6427.857142857143
t4-Vf6L63Js	–î–µ–Ω—å —Å–µ–º–∏–¥–µ—Å—è—Ç—ã–π. –ë–µ—Å–µ–¥–∞ —Å @Alexey Arestovych –ê–ª–µ–∫—Å–µ–π –ê—Ä–µ—Å—Ç–æ–≤–∏—á	910.5	0.04	1909473.0	4465.0	306322.0	1887858.107142857	4523.25	303383.85714285716
bFeC5UBtLZs	REAL MADRID 3-1 MANCHESTER CITY **LOCURA EN EL ESTADIO** DjMaRiiO	274.5	0.22	3826924.0	5016.0	228110.0	3472114.0	4819.214285714285	214230.5357142857
IG-7SnQW-80	üòØEDU AGUIRRE LLORA de emoci√≥n con la REMONTADA del REAL MADRID ante el CITY	181.5	0.22	1000821.0	2195.0	30711.0	946712.0	2114.5	29545.178571428572
4SCdc8cGxAI	BAD BUNNY | #shorts Un Verano Sin Ti ‚ù§Ô∏èüåä‚òÄÔ∏èüå¥	30.0	0.17	386139.0	719.0	65815.0	352303.46428571426	693.75	61410.78571428572
AH9m4WF_aD4	Samantha se come todo el plato de Mar√≠a Lo ¬°Se ha quedado sin palabras! | MasterChef 10	94.5	0.23	108764.0	72.0	1362.0	98810.92857142857	70.46428571428571	1271.4642857142858
CMWLX0KXwF4	Tove Lo - No One Dies From Love (Official Music Video)	144.0	0.17	1383287.0	3744.0	92767.0	1126305.107142857	3443.8571428571427	82874.85714285714
r5n1GCY-nYQ	iKON - 'ÎÑàÎùºÎäî Ïù¥Ïú† (BUT YOU)' M/V	112.0	0.17	10177961.0	107874.0	505963.0	9230373.57142857	98404.96428571429	482718.5
DDY6KjQCMoQ	Welcome to CLAN CAPITAL! Clash of Clans New Update!	40.0	0.12	21295911.0	5882.0	169825.0	18532711.964285713	5830.071428571428	167780.5357142857
_HYse_HYnuk	MINGWEIROCKS - The FASTEST way to make COLA! #shorts	29.5	0.06	38548094.0	709.0	1415334.0	35662815.03571428	646.5714285714286	1313488.357142857
UUnQZiDaNdg	ESCONDITE PARKOUR en el CIRCO de RABIA 4üò± *MUY √âPICO*	835.5	0.23	419458.0	484.0	19049.0	400691.5	473.89285714285717	18538.785714285714
1ydMr8kxfw8	ROBERT PG ME HACE UN EXAMEN DE FUTBOL *100% IMPOSIBLE*	439.5	0.12	164532.0	306.0	19884.0	161276.5	304.10714285714283	19573.035714285714
kAu3uDBf8oA	LUIS DIAZ SALV√ì AL LIVERPOOL Y PAS√ì A LA FINAL DE LA CHAMPIONS LEAGUE 2022 üî• 3 A 2 A VILLARREAL	10611.0	0.22	437477.0	17.0	8089.0	437464.71428571426	17.107142857142858	8093.75
7QLNMC3VTx4	Sky Sports News studio STUNNED by Real Madrid's Champions League comeback! ü§Ø	74.5	0.22	450226.0	948.0	8852.0	436931.46428571426	939.8214285714286	8679.25
uYc6aV4R6PQ	üî¥ARKADIA - EL RAIDEO MAS GRANDE DE ARKADIA 2!!! (NO SE SI PODREMOS...)	7023.5	0.12	525843.0	244.0	26397.0	504623.5	238.82142857142858	25766.535714285714
E5VIOnDzrY4	¬øSe Puede Completar Super Mario World al 100% sin Agarrar NI UNA SOLA MONEDA? - Pepe el Mago	915.5	0.12	508811.0	971.0	21156.0	445438.5	917.5714285714286	19448.428571428572
fN89luprW3o	Tengo un PROBLEMA con el proyecto de la PS5	412.0	0.23	357134.0	1717.0	40108.0	346285.85714285716	1688.6785714285713	39338.03571428572
5j0fptQ1R1U	pendiente al cel, pendiente a ti || Polim√° WestCoast & Pailita - ULTRA SOLO (Letra)	113.5	0.17	788640.0	174.0	19829.0	601144.7857142857	132.71428571428572	15903.5
7lWEHHl6VTI	¬°NOS DELETEA un MILTANK! üò± -‚ú®POK√âMON TRILOCKE 3‚ú®#17	1221.0	0.12	41104.0	182.0	4200.0	38004.53571428572	178.67857142857142	4044.8571428571427
Kj3AxeGK8wM	Sonidos en el espacio #shorts @Date Un Vlog	30.0	0.02	546424.0	475.0	75325.0	529367.6071428572	466.25	73492.07142857143
VCHk9zoFIr8	WOODZ (Ï°∞ÏäπÏó∞) - ÎÇú ÎÑà ÏóÜÏù¥ (I hate you) MV	97.0	0.17	13010313.0	6626.0	109765.0	10744482.0	6043.571428571428	99221.17857142857
zhO5d4F2prE	El MADRID a la FINAL de CHAMPIONS tras REMONTAR y GANAR 3-1 al CITY ¬°Lo HAN VUELTO a HACER!	313.5	0.22	304329.0	3337.0	32750.0	296653.53571428574	3324.1785714285716	32498.60714285714
sKWU4rneSlQ	FINLANDIA y SUECIA se alistan para UNIRSE A LA OTAN: ¬øQu√© significa para RUSIA?	170.0	0.04	926474.0	3248.0	17328.0	893277.0714285715	3201.785714285714	16900.25
BPOpyIxVbBI	TIRANDO MELONES EN EL BOWLING!üé≥	189.5	0.06	466321.0	705.0	28471.0	440817.71428571426	689.4642857142857	27535.785714285714
3qJ9aaKlNok	LA FURIA DEL BIGOTES üî•üòà -‚ú®POK√âMON TRILOCKE 3‚ú®#16	1250.5	0.12	42645.0	181.0	4569.0	41076.03571428572	181.07142857142858	4507.035714285715
aALm9bDmX58	cara a cara por debajo de la ciudad y para nada toxico	831.0	0.12	1906938.0	1185.0	117961.0	1853047.75	1176.0714285714287	115717.03571428571
RqwLD8MO7Ho	KAROL G - PROVENZA üíî|| LETRA	105.5	0.17	828218.0	173.0	10831.0	751821.9642857143	164.46428571428572	10266.67857142857
g1HPXBMIA6A	Daddy Yankee x Lito MC Cassidy - El Gran Robo 2 (Video Oficial)	312.5	0.17	1972813.0	3763.0	47931.0	1578503.357142857	3454.1071428571427	42297.357142857145
Bt6nzLkkM-0	Cr√≠tica 'Doctor Strange en el multiverso de la locura' (Doctor Strange in the Multiverse of Madness)	450.0	0.02	155725.0	497.0	9333.0	146390.0	461.92857142857144	8926.92857142857
kA81LzzdDGw	CRAZY Real Madrid DRESSING ROOM after reaching CHAMPIONS LEAGUE FINAL!	90.5	0.22	5047155.0	5686.0	174066.0	4676276.035714285	5542.392857142857	167803.2857142857
nw8BIIQeQAo	¬°NADIE ENCUENTRA A TROLLINO ESCONDIDO EN EL CUBO DE LA BASURA! üôàüòÇ EL ESCONDITE CON LOS COMPAS	390.0	0.12	2615354.0	1707.0	80404.0	2502015.964285714	1655.9642857142858	78507.0
P6Ps7MYB2bI	Blake Lively Met Gala Dress Reveal	22.0	0.23	1072073.0	621.0	15632.0	1031332.4285714285	607.3928571428571	14759.92857142857
80pbNnI2J8Q	Marcelo se acuerda de Sergio Ramos I MARCA	30.5	0.22	739453.0	349.0	15422.0	730311.7142857143	346.82142857142856	15259.642857142857
XyBuzHV_VT8	üò±  ¬°HIST√ìRICA REMONTADA del MADRID! REAL MADRID 3-1 CITY  | Chiringuito Inside	167.5	0.22	1067330.0	1594.0	23828.0	950970.1071428572	1516.7142857142858	22246.571428571428
9cxeIuno2qs	Wolfsburgo vs. Barcelona | Vuelta De La Semifinal De La UEFA Women‚Äôs Champions League	3750.0	0.22	624401.0	102.0	9511.0	613735.2142857143	98.67857142857143	9499.892857142857
9kD5zXpBll0	PORCINOS FC a por 8¬™ DIVISI√ìN - DjMaRiiO	10697.5	0.12	1153472.0	228.0	41417.0	1147078.142857143	223.17857142857142	41281.53571428572
uMP3QnwgB5A	¬°La mayor VICTORIA de Johnny Depp! Amber Heard esta DESESPERADA üî•	520.5	0.23	1557259.0	5275.0	75346.0	1498107.107142857	5210.464285714285	73731.03571428571
MqzJPuEuhO0	Obi-Wan Kenobi | Nuevo Tr√°iler | Disney+	44.5	0.02	138775.0	52.0	4558.0	127848.07142857143	52.0	4349.857142857143
-NxRMp1Fubc	Cris Mj - Una Noche En Medell√≠n	81.5	0.17	680207.0	148.0	7925.0	524124.4285714286	109.78571428571429	6137.535714285715
n8ttdjm2xbo	de camino a Nueva York (8h de avi√≥n)	316.5	0.23	73257.0	59.0	4151.0	69663.07142857143	57.964285714285715	3995.535714285714
dLRN3jolSe4	Hice Trampas OTRA VEZ en Reto de CONSTRUCCI√ìN vs SEGUIDORES en Minecraft üòÇ	319.0	0.12	356141.0	314.0	23024.0	321079.71428571426	293.0	20867.214285714286
muDsx93j1XY	La divertida reacci√≥n de do√±a Letizia al llevar el mismo vestido que una de sus premiadas	35.0	0.04	235251.0	318.0	2292.0	218353.5	298.0	2089.3928571428573
xuPN2VyOrMA	pendiente al cel, pendiente a t√≠ // Polim√° Weastcost, Pailita - Ultra Soloüíî	112.5	0.17	394498.0	124.0	8779.0	326484.5714285714	97.78571428571429	7561.642857142857
iB5HtkPXEb0	CLUB 113 | EPISODIO 9 con PAPI GAVI	2931.0	0.23	178358.0	209.0	6407.0	159713.39285714287	199.92857142857142	5942.321428571428
uGzDKU7gxho	INCREDIBLE FULL TIME SCENES! Real Madrid stun Man City to reach ANOTHER Champions League final!	292.0	0.22	2444259.0	3528.0	38780.0	2440064.5714285714	3534.6428571428573	38790.53571428572
d9dnkTOg4eE	Los looks m√°s ic√≥nicos de la MET Gala 2022 I Vogue M√©xico y Latinoam√©rica	75.5	0.23	147716.0	209.0	2318.0	137437.4642857143	198.92857142857142	2184.1428571428573
WAGc3vNjYKA	ÿ±Ÿàÿ™ŸäŸÜ ÿßŸÑÿπŸäÿØÿåÿ£ÿ∑ÿ®ÿßŸÇ ŸÖÿ™ŸÜŸàÿπÿ© ŸàŸÖŸÖŸäÿ≤ÿ©ÿåÿ£ŸÅŸÉÿßÿ± ÿ™ŸÇÿØŸäŸÖ ÿ¨ÿØŸäÿØÿ© Ÿàÿ≠ÿµÿ±ŸäÿßŸã ÿπŸÜÿØ ÿ≤ŸäŸÉÿßüá≤üá¶	818.0	0.05	576664.0	1930.0	23501.0	536668.75	1843.25	22034.964285714286
QI9kTUmwA24	AN√âCDOTAS DE RESTAURANTE (Goiko)	241.0	0.06	106217.0	89.0	6819.0	99868.35714285714	85.39285714285714	6532.892857142857
jeVqPpWlPxg	BTS (Î∞©ÌÉÑÏÜåÎÖÑÎã®) ‚ÄòProof‚Äô Logo Trailer	160.5	0.17	8221643.0	74187.0	1915017.0	7572304.892857143	71921.53571428571	1784913.0
bP8HRYLd0lE	¬°Probando DALL¬∑E 2!  - La IA que genera *casi* CUALQUIER IMAGEN | Feat. Javier Ideami	4885.0	0.02	57179.0	194.0	2942.0	50634.03571428572	174.14285714285714	2717.6785714285716
8NwAgV_NZ5o	AN√ÅLISIS Real Madrid, A LA FINAL de la Champions. √âpica REMONTADA ante Manchester City | ESPN FC	217.0	0.22	430366.0	1471.0	8560.0	423914.14285714284	1471.0357142857142	8485.964285714286
X23zcvcqWdU	¬øMERECE LA PENA COMPRAR UN SEAT EN 2022?	523.0	0.02	203667.0	709.0	7166.0	184851.0	667.6428571428571	6795.142857142857
DEZRDfA2aag	ABRIMOS LA CASETA DEL CALVO CON PLEX...	355.0	0.23	471575.0	318.0	38345.0	422418.85714285716	300.07142857142856	35055.25
-KKBtdYW9Uc	Amber Heard's attorneys call witnesses in Johnny Depp's defamation suit against ex-wife | May 3	12023.0	0.04	1190430.0	764.0	8339.0	1183464.7857142857	755.7142857142857	8337.214285714286
LAiyH45UM7o	REAL MADRID, OTRA VEZ, FINALISTA DE CHAMPIONS. EL CITY DE GUARDIOLA ELIMINADO. ¬°RODRYGO HIST√ìRICO!	1530.5	0.22	56588.0	16.0	487.0	56488.392857142855	15.678571428571429	483.9642857142857
MCw9hovilHg	Ryan Castro - JORDAN üèÄ (Letra Oficial)	89.0	0.17	1736355.0	673.0	26249.0	1552105.892857143	654.3571428571429	24305.428571428572
JxcAfUvWD2A	FAMILIA Nos DEVUELVE al CACHORRO ¬°PORQUE LE HA ROTO UNA MACETA! + Historia de perrita Estela	528.5	0.04	208151.0	404.0	8664.0	170696.39285714287	356.2857142857143	7362.321428571428
r1Rrt8iaOUc	Didine Canon 16 - Tesla (Official Freestyle Music Video)	100.0	0.17	7767492.0	20621.0	311205.0	5963254.5	18681.89285714286	274619.14285714284
MYDzGIDtswY	Real Madrid 3-1 Manchester City (6-5 agg): Full Highlights & Reactions | UCL SF | CBS Sports Golazo	929.5	0.22	585158.0	1529.0	7055.0	575096.3571428572	1511.607142857143	6981.428571428572
L_FxdCN8P0U	REMONTADA HISTORICA üî• REAL MADRID ELIMIN√ì A MANCHESTER CITY Y PAS√ì A LA FINAL DE CHAMPIONS LEAGUE	12007.0	0.22	1248606.0	145.0	18355.0	1248368.25	142.03571428571428	18362.821428571428
iH8mWNKM8xU	Married to the Met | Get Ready for the Met Gala with Me	275.5	0.05	5276001.0	5181.0	0.0	4655640.678571428	4875.642857142857	0.0
2NaRcJZT8K0	¬øDJMARIIO DEJA PORCINOS FC?	449.5	0.23	966470.0	552.0	70007.0	940663.4285714285	547.6071428571429	68717.75
mdl32xQeLjk	EL LARGUERO: EL REAL MADRID REVIVE, TIRA DE √âPICA Y ELIMINA AL CITY (04/05/2022)	3085.5	0.22	83047.0	48.0	966.0	77496.03571428571	43.75	892.1071428571429
IiYCoPFHx04	Si gano esta carrera todos me tienen que llamar papito üò≥üò≥	697.0	0.12	1636430.0	1451.0	125815.0	1559801.4285714286	1439.357142857143	121164.64285714286
1yruPciypig	‚ÄºÔ∏è much√≠sima manzana, poco az√∫car y poca masa ‚ÄºÔ∏è en s√≥lo 5 minutos ‚ÄºÔ∏èla ‚ûïÔ∏è  rica y f√°cil del üåé	134.5	0.05	608166.0	324.0	21664.0	507971.53571428574	280.5	18391.39285714286
z36lrSX1jmE	MEJORES MEMES DE SUBS DONT LAUGH CHALLENGE | ZellenDust	383.5	0.23	486543.0	2443.0	67255.0	461648.25	2395.8571428571427	65632.0
mxbkct5YTtE	Blake Lively deja boquiabierto a Ryan Reynolds con la transformaci√≥n de su vestido en la Gala MET	38.5	0.04	576046.0	121.0	3116.0	458360.35714285716	106.21428571428571	2718.4285714285716
cUbzWjNqtmo	Amber Heard testifies in Johnny Depp defamation trial | full video	5308.0	0.04	2384503.0	6750.0	13827.0	2331748.3214285714	6641.357142857143	13611.535714285714
n-y_8BkaqeA	GINES ME RETA a COMER su BOCADILLO M√ÅS CAL√ìRICO ü•ñ (11.000 CALORIAS y 1/2 LITRO ACEITE) que empapeee!	588.5	0.06	568650.0	3207.0	57701.0	490338.1785714286	3037.714285714286	50646.53571428572
oJd_Wd42Q40	The Wild Project #136 | Amber Heard mentirosa y desquiciada, Elon Musk compra Twitter, Mino Raiola	8219.0	0.23	1054217.0	1529.0	48682.0	978980.7857142857	1458.107142857143	46580.75
9evgbXolGhI	Directo del Villarreal 2-3 Liverpool en Tiempo de Juego COPE	7231.0	0.22	311864.0	63.0	2930.0	311587.21428571426	61.5	2931.035714285714
MOifIuOhBiA	–î–µ–Ω—å —à–µ—Å—Ç—å–¥–µ—Å—è—Ç –¥–µ–≤—è—Ç—ã–π. –ë–µ—Å–µ–¥–∞ —Å @Alexey Arestovych –ê–ª–µ–∫—Å–µ–π –ê—Ä–µ—Å—Ç–æ–≤–∏—á	1185.0	0.04	2332366.0	5289.0	347561.0	2324624.0	5357.357142857143	347826.8214285714
44cy4quQ8as	MR. EGO VS REPLIK I #FMSARGENTINA 2022 I Exhibici√≥n I Jornada 3 | Urban Roosters	769.5	0.17	452219.0	2434.0	17199.0	438446.5714285714	2381.1428571428573	16844.464285714286
UmdSRf4RKf0	¬°HIST√ìRICA REMONTADA DEL MADRID! As√≠ narr√≥ el Real Madrid 3-1 Manchester City Manolo Lama en COPE	168.0	0.22	486670.0	707.0	15424.0	414175.3214285714	630.8214285714286	13769.392857142857
_r3FOESRwZ0	REAL MADRID vs MANCHESTER CITY | RONCERO, POSE√çDO EN EL 2-1 DE RODRYGO | DIARIO AS	48.5	0.22	507684.0	646.0	11576.0	502870.1785714286	649.3571428571429	11529.357142857143
v2t75tTm_Jc	Finales - WPT Albacete Challenger	8353.0	0.22	263264.0	104.0	1819.0	259933.92857142858	99.46428571428571	1809.607142857143
4vbDFu0PUew	LE SSERAFIM FEARLESS OFFICIAL M/V	91.5	0.17	53977360.0	69260.0	1188684.0	48230995.178571425	66415.25	1135282.142857143
H9FDjFn-Gw8	"La Playa M√°s ""PELIGROSA"" del Mundo"	1105.0	0.23	603995.0	599.0	39625.0	571497.4285714285	585.3571428571429	38324.71428571428
pg5zzJTuRBA	‚ÄúPRIMEROS S√çNTOMAS! PROCESO FIV, ¬øTRAES 1 o 2 bebes? ¬øCOMO LO VAS A LLAMAR?	511.5	0.06	110356.0	341.0	4203.0	101772.60714285714	329.67857142857144	4014.8571428571427
7LHumsHONkc	"Luismi DIRECTO A ELIMINACI√ìN con este plato: ""Esto es una burla"" | MasterChef 10"	104.0	0.23	122749.0	215.0	1623.0	115141.28571428571	201.25	1518.0714285714287
QGae78sWVSw	Dave Chappelle Tackled, Slammed on Stage at Hollywood Bowl by Man with Gun | TMZ	64.5	0.23	4998776.0	18249.0	82216.0	4647906.107142857	17522.25	78262.10714285714
qxAeUZ_2x5E	CANALLITA DE FESTIVAL - Bilbao BBK Live EP. XIII	65.5	0.06	477487.0	774.0	21253.0	469603.4285714286	767.3214285714286	21102.785714285714
jkD9prp1Ii4	Danya‚ùåLeLe  -  Am dat foc la toata karma ( Official Video ) 2022	86.5	0.17	4365140.0	963.0	75830.0	3769223.535714286	893.8214285714286	70352.25
R6vswrZSbjA	Los 10 Coches Mas Caros del Mundo (y Los Mas Raros)	692.5	0.02	1192107.0	1376.0	54203.0	1159438.9285714286	1354.6785714285713	53136.67857142857
sPEwzlxEv6c	LUM!X feat. Pia Maria - Halo - Exclusive Rehearsal Clip - Austria üá¶üáπ - Eurovision 2022	23.0	0.23	243828.0	754.0	5791.0	219453.10714285713	723.5714285714286	5497.392857142857
AvVEwV2kfgI	REAL MADRID 3 - MANCHESTER CITY 1 (6-5) | EL DESCALABRO Y DELIRIO DE RONCERO | AS	112.5	0.22	1122537.0	1589.0	29703.0	1019275.3214285715	1526.75	27794.75
VzdfmY5bbO4	LA RESISTENCIA - Entrevista a Nuria Roca | #LaResistencia 03.05.2022	329.0	0.06	367622.0	214.0	3766.0	338959.0	209.53571428571428	3589.9285714285716
DSYyfCx9LAE	OTRO MILAGRO EN EL BERNABEU, EL REAL MADRID FINALISTA DE LA CHAMPIONS. DERROTADO EL MANCHESTER CITY	260.5	0.22	287712.0	1420.0	13479.0	277435.25	1406.2857142857142	13227.392857142857
RxYdCWkIev8	Kany Garc√≠a, Alejandro Sanz - Muero (Official Lyric Video)	109.5	0.17	651776.0	771.0	26194.0	556558.5357142857	730.2857142857143	23861.071428571428
5sUsQJmaneQ	As√≠ son las COCINAS de un McDonalds POR DENTRO	233.5	0.23	432596.0	165.0	18003.0	391100.10714285716	184.25	16809.821428571428
3MZftSsYSUQ	REACCIONANDO AL MADRID 3-1 CITY *REMONTADA √âPICA*	621.0	0.23	2151093.0	3622.0	155892.0	2017934.357142857	3533.3928571428573	150157.2857142857
kMkxr7PjJpM	üò≠SORIA se HUNDE como nunca con la REMONTADA del REAL MADRID vs. CITY	59.5	0.22	912225.0	1621.0	19275.0	825364.6071428572	1529.3214285714287	18211.285714285714
oSwZ_BckDvc	Johnny Depp trial: Judge rejects Amber Heard's demands for dismissal | LiveNOW from FOX	135.5	0.04	13006357.0	21680.0	150624.0	12199728.5	21087.321428571428	142981.67857142858
QMlNJxawbRw	¬°METO EL TRIPLE ‚ÄúFOR THE WIN‚Äù desde MEDIO CAMPOüö®üéØ JUGANDO BASKET CALLEJERO! *¬øHay pique?*üò≥ü©∏	531.5	0.22	64145.0	80.0	3750.0	57670.357142857145	74.42857142857143	3447.6785714285716
tkaYmeVuN8U	WATCH Blake Lively‚Äôs Met Gala Dress Transformation ‚ú®üòç	8.0	0.04	1073437.0	230.0	67494.0	837218.3571428572	195.0	50794.53571428572
suDzZtLhXwU	Directo del Real Madrid 3-1 Manchester City en Tiempo de Juego COPE	13788.5	0.22	659725.0	107.0	5222.0	656938.75	99.39285714285714	5190.035714285715
BPfyLmVzsaM	Pollo al Horno Asado con Patatas | Receta muy F√°cil, Econ√≥mica y Abundante	154.0	0.04	152074.0	155.0	3641.0	133916.32142857142	138.53571428571428	3325.535714285714
pUQ5A_xxkCw	Se Acab√≥: La Burbuja Acaba De Estallar	241.5	0.02	271878.0	1382.0	19767.0	251560.32142857142	1349.6785714285713	18483.60714285714
i5kB2YmDZTM	üö® Marta Riesco ROMPE SU SILENCIO y HUNDE a Jorge Javier y Roc√≠o Carrasco con estos me gusta	45.0	0.23	63053.0	248.0	3009.0	62876.642857142855	251.35714285714286	3007.5714285714284
8qj-hHvGZpU	Daddy Yankee decide contarlo TODO en su ultima entrevista antes de su retiro	3126.5	0.23	2275777.0	7955.0	111437.0	1979846.0714285714	7428.357142857143	101299.67857142857
YtDvCpqkbCw	Cr√≥nica Rosa: El acoso de Jorge Javier a Marta Riesco	1898.5	0.04	200041.0	1317.0	8848.0	177044.5	1280.75	8502.42857142857
yTD7A21IOSY	ARKADIA 2: Mi primer RAIDEO y Evento FAIL #19	7517.5	0.12	379246.0	380.0	32920.0	366066.6785714286	372.5357142857143	32071.428571428572
BwQyiRZzOs8	EL CONQUISTADOR 2022 (Episodio 16)	5141.0	0.23	90516.0	234.0	869.0	84113.96428571429	227.46428571428572	838.8571428571429
DBvmUbo4GQs	GOLF IT LUEGO ARK	5392.5	0.12	138142.0	129.0	8107.0	126481.82142857143	122.85714285714286	7758.428571428572
s8NRffPuFB4	En el sur de Ucrania, Rusia lleg√≥ para quedarse | AFP	88.5	0.04	794796.0	2872.0	13064.0	717131.1428571428	2697.0714285714284	12008.57142857143
DjFb0Vt43Xo	Antonio Orozco, Sebasti√°n Yatra - Entre Sobras Y Sobras Me Faltas	116.0	0.17	776763.0	772.0	27544.0	709760.4285714285	747.7142857142857	26271.535714285714
sCAluJdxOCI	@YNY Sebi üîù @Bogdan DLP - Tarabanele | Official Video	74.0	0.17	6314018.0	3116.0	190030.0	5209134.821428572	2927.214285714286	176890.5357142857
vjhbxxTYkpw	Stunned Pep Guardiola reacts to late Real Madrid comeback against Man City	56.0	0.22	3327989.0	4899.0	50306.0	3146994.6428571427	4792.535714285715	48268.78571428572
rKAMdVUE4YI	üî¥ARKADIA - EL LADRON DE MERCADERES HA LLEGADO!!	6783.5	0.12	518566.0	180.0	27130.0	503135.8214285714	175.82142857142858	26646.464285714286
bqS0sb_2br0	LA RESISTENCIA - Entrevista a Jessica Goicoechea | #LaResistencia 02.05.2022	328.5	0.06	654379.0	419.0	7202.0	601326.8928571428	406.25	6825.75
SbfWQuG_up8	MI NOVIO ME MAQUILLA üíÑ MAKEUP CHALLENGE/Martina y Gonzalo Capto24	620.5	0.23	38199.0	90.0	1743.0	35841.0	88.42857142857143	1657.857142857143
Yx3K3g4CtoQ	Lady Gaga - Hold My Hand (From ‚ÄúTop Gun: Maverick‚Äù) [Official Audio]	113.0	0.17	2824791.0	13430.0	130832.0	2639873.25	13244.392857142857	127549.03571428571
E5bJPQM28r8	ME ESTAFARON CON EL NUEVO MOTOR DEL S13... ü§¨| RATSQUAD	722.0	0.02	95713.0	184.0	5939.0	89914.25	182.57142857142858	5729.964285714285
SLSkl6FMyyM	REACCIONES DE UN HINCHA Real Madrid vs Manchester City 3-1 *ESTO ES EL MADRID...A LA FINAL*	498.0	0.22	231362.0	1353.0	24815.0	219747.39285714287	1331.892857142857	24109.0
DQTi6qEd4u8	Canci√≥n Manchester City vs Real Madrid 4-3 (Parodia PAULO LONDRA || BZRP Music Sessions #23)	130.5	0.12	931977.0	1187.0	42539.0	859847.1785714285	1166.5714285714287	41154.892857142855
O--o-O-ABBw	Elissa & Saad Lamjarred - Min Awel Dekika [Official Video] (2022) / ÿßŸÑŸäÿ≥ÿß Ÿàÿ≥ÿπÿØ ŸÑŸÖÿ¨ÿ±ÿØ - ŸÖŸÜ ÿ£ŸàŸÑ ÿØŸÇŸäŸÇÿ©	149.5	0.17	22490335.0	49818.0	774528.0	15841534.07142857	41276.357142857145	605217.3571428572
_xYnY4TnBPQ	Famosos Que No Soportan A Amber Heard	205.5	0.05	501779.0	436.0	10357.0	457400.39285714284	392.9642857142857	9377.57142857143
hibTeDRLhCc	üî¥ REAL MADRID-MANCHESTER CITY con EL CHIRINGUITO | SEMIFINALES #UCL | Chiringuito Inside	10691.0	0.22	2713807.0	785.0	38946.0	2693165.3214285714	767.0714285714286	38745.5
2qE2jhYNp98	CHAMPIONS LEAGUE Real Madrid y una remontada sin explicaci√≥n ante el Manchester City | SportsCenter	232.5	0.22	480313.0	1084.0	9390.0	444626.5714285714	1037.9642857142858	8881.75
IkxtDjPSc-4	MINUTOS LIBRES que ROMPIERON la FMS ARGENTINA üá¶üá∑üåü[Jornada 3] | Temporada 4	706.5	0.17	325009.0	456.0	11548.0	280835.75	408.7142857142857	10186.892857142857
1vuxoFn1mK4	Rueda de prensa de ANCELOTTI post Real Madrid - Manchester City (04/05/2022)	288.5	0.22	648279.0	599.0	10567.0	637849.3214285715	594.0357142857143	10466.035714285714
ebatweUrQws	Blake Lively's Lady Liberty Gown Transforms at Met Gala 2022 (Exclusive) | E!	139.0	0.23	1109230.0	815.0	19141.0	1027103.5	759.1428571428571	18046.39285714286
lyJqXb8Nj-I	The 10 best dressed from the Met Gala 2022 | Bazaar UK	91.0	0.23	2435953.0	2202.0	39181.0	2286969.6071428573	2120.035714285714	37229.42857142857
7YQWDCSFAJU	l'Maktoub : Episode 30 | ÿ®ÿ±ÿßŸÖÿ¨ ÿ±ŸÖÿ∂ÿßŸÜ : ŸÑŸÖŸÉÿ™Ÿàÿ® - ÿßŸÑÿ≠ŸÑŸÇÿ© 30	1185.5	0.23	4560711.0	0.0	81989.0	4408674.392857143	0.0	80399.60714285714
WkgHkrM9fo0	PAULO LONDRA || BZRP Music Sessions #23	129.0	0.23	54276890.0	252575.0	3995203.0	52007733.03571428	251835.75	3974949.1071428573
7qy9Hpsaw6g	üö®‚ö™Ô∏è¬°MARAT√ìN NON-STOP DEL REAL MADRID-MANCHESTER CITY! ‚ö™Ô∏èüö®	11156.0	0.22	377905.0	148.0	4348.0	377776.14285714284	146.96428571428572	4352.357142857143
jwk_9p0jtP0	London Eye #6 || Pogo	2526.5	0.12	991749.0	1547.0	52647.0	934871.9285714285	1513.9642857142858	50508.21428571428
WG-Q1ZE6yi4	HINCHAS del BAR√áA REACCIONAN al REAL MADRID 3-1 MANCHESTER CITY *esto es una pesadilla*	357.5	0.12	1353007.0	3181.0	103860.0	1287933.7142857143	3129.75	101145.82142857143
YVGcUkq1ejA	Funny Penalty Kicks	266.5	0.22	1311345.0	196.0	18102.0	1058973.6785714286	183.39285714285714	15224.82142857143
OaXBF3rmUX8	Eladio Carri√≥n Ft. Bizarrap, Duki - Sin Frenos (Video Oficial)	106.0	0.17	6302090.0	5163.0	241062.0	5448916.25	4966.357142857143	227624.07142857142
0oP8ksIBdHs	El producto GAMING M√ÅS AMBICIOSO que he probado...	869.5	0.02	490424.0	1194.0	35532.0	470992.39285714284	1163.2857142857142	34516.142857142855
LWw6CssJsi0	¬°EL VIAJE A TROPICUBO! üöòü§© Las Perrer√≠as de Mike Ep. 12 (Temporada 2)	417.0	0.23	6083513.0	11757.0	239964.0	5424697.071428572	11270.57142857143	226737.82142857142
obGGrIjC7k0	Clash Royale: üíÄü¶á AQUELARRE ü¶áüíÄ (Nueva temporada)	24.5	0.12	1789812.0	1136.0	51763.0	1706560.392857143	1108.892857142857	50150.46428571428
w3Wb21inOcY	Karim Benzema Penalty Puts Real Madrid Ahead 6-5 over Man City in UCL SF | CBS Sports Golazo	95.5	0.22	233645.0	643.0	2630.0	232509.92857142858	637.0	2621.785714285714
wDUwv5rSLZY	üèÜ‚öΩÔ∏è VILLARREAL - LIVERPOOL  EN DIRECTO  | Vuelta de las semifinales de la Champions League	6265.0	0.22	49611.0	14.0	421.0	49576.03571428572	12.5	421.5
OJ2B4Fb7xQQ	Ed Sheeran ‚Äì 2step ft Antytila [Official Video]	77.5	0.17	4904007.0	9131.0	228962.0	4289541.178571428	8590.964285714286	213187.42857142858
FFcZqOILKSk	HINCHA del BAR√áA REACCIONA al MADRID 3-1 M. CITY con mi NOVIA MADRIDISTA ¬°OTRA VEZ NOOOO! ALUCINANTE	582.0	0.22	447004.0	2334.0	26230.0	411785.64285714284	2257.964285714286	25300.321428571428
65DFQ8apFiE	Rodrygo Scores 2 Goals in 2 Minutes to Save Real Madrid vs. Manchester City | CBS Sports Golazo	94.0	0.22	545095.0	796.0	7350.0	540299.6428571428	788.75	7291.107142857143
7UREHspNys8	ATRAPADO EN LAS V√çAS DEL TREN...‚ö†Ô∏è | PARKOUR VLOG	660.0	0.23	560081.0	2851.0	42091.0	481646.39285714284	2750.3571428571427	38220.71428571428
jim7fbD9OjI	Ca√≠da de Zugasti en carrera | Marat√≥n Templario 2022 | Ibon Zugasti	434.5	0.22	141788.0	1159.0	7670.0	131958.85714285713	1132.857142857143	7386.607142857143
m3pFwX6IAns	MINGWEIROCKS - The FASTEST way to make SEAWEED! #shorts	29.5	0.06	65774685.0	1315.0	2113281.0	62120025.89285714	1200.5714285714287	1975933.142857143
0lkSqR4vrIQ	THE MOMENT REAL MADRID KNOCK MAN CITY OUT CHAMPIONS LEAGUE	495.0	0.22	1518906.0	3132.0	63683.0	1368825.5	2978.8214285714284	59251.17857142857
heayyMyhSGU	Hailey Bieber Gasped When She Saw Emma's Look | Met Gala 2022 With Emma Chamberlain | Vogue	39.5	0.23	4905423.0	1513.0	122582.0	4353514.535714285	1401.5	113496.03571428571
zdBthc6fCk4	Varane's First United Goal! | Manchester United 3-0 Brentford | Highlights	83.0	0.22	6521529.0	3944.0	156412.0	6426717.642857143	3925.3928571428573	155517.42857142858
8dJyRm2jJ-U	PSY - 'That That (prod. & feat. SUGA of BTS)' MV	108.5	0.17	131601913.0	364810.0	6857579.0	121652781.85714285	358556.9285714286	6680650.678571428
Kp6MRBybUlo	el postre M√ÅS RICO Y F√ÅCIL, en S√ìLO 5 MINUTOS  ¬° S√ìLO 4 INGREDIENTES Y SIN HARINA !ü§§ü§§ü§§ü§§	83.5	0.05	206474.0	77.0	5414.0	181923.9642857143	70.25	4999.678571428572
cL_FkV8by_g	Jorge Javier V√°zquez y Roc√≠o Carrasco contra Olga Moreno y Antonio David Flores	2660.5	0.05	68129.0	416.0	7728.0	67314.60714285714	421.0357142857143	7708.785714285715
iE-6ERWjBoo	Met Gala 2022: Live From E! Stream FULL Livestream | E!	3944.0	0.23	1136325.0	746.0	14136.0	1065951.5	718.5	13680.57142857143
eTEsJXN8PUY	Bombazo de Francisco que hunde a Roc√≠o Carrasco por la llamada a Marta Riesco	610.0	0.05	58519.0	374.0	5601.0	54155.92857142857	360.7142857142857	5343.178571428572
lttMP463C-Q	Visito el Barrio Oscuro de Corea, La Villa Guryong	321.5	0.23	1152736.0	1798.0	83431.0	956508.0357142857	1530.0714285714287	73141.57142857143
mSceX3JC1TA	MINECRAFT pero TUS CORAZONES = TU TAMA√ëO! üò±‚ù§	409.0	0.12	1952023.0	412.0	43580.0	1743086.642857143	395.64285714285717	40193.142857142855
31Ur9qSHWhI	REACCIONANDO AL REAL MADRID VS MANCHESTER CITY con CARLOS T√âVEZ	327.0	0.23	1553117.0	2089.0	92999.0	1425615.2857142857	1998.1785714285713	87289.35714285714
Bo0-COyKxD4	LOPES FT EL PATRON 970 x MBS ROLLING - DEALERS	115.5	0.17	105441.0	383.0	5901.0	85761.75	368.35714285714283	5272.464285714285
PPPQUcu7rI8	REAL MADRID VS MANCHESTER CITY | EN VIVO | SEMIFINAL VUELTA CHAMPIONS LEAGUE LIVE ¬°NARRACI√ìN TOP!	6473.0	0.22						
_iz5_DuY_II	Most Expensive Airplane Ticket!	310.0	0.23	9666604.0	11134.0	376536.0	8849254.82142857	10658.964285714286	353348.96428571426
WbiYxA1W4wg	NUNCA TE BURLES DE NADIE, LA VIDA DA MUCHAS VUELTAS	26.0	0.23	4895299.0	2119.0	580289.0	4619391.107142857	2028.1785714285713	551992.4285714285
koYG3cXE-Vw	TEOREMA VS SWEET PAIN | #FMSMEXICO 2022 - Jornada 3 | Urban Roosters	776.0	0.17	316952.0	1241.0	12509.0	311480.14285714284	1231.107142857143	12345.07142857143
7OPg-ksxZ4Y	The Most Horrible Parasite: Brain Eating Amoeba	320.0	0.02	3819416.0	13848.0	263249.0	3511430.285714286	13199.964285714286	248827.57142857142
-z9qeALR7j0	Rigoberta Bandini - AY MAM√Å (Videoclip)	159.5	0.17	1049158.0	2888.0	44457.0	985287.2857142857	2787.964285714286	42777.857142857145
F45a9_3Mzzw	¬°YA VI DOCTOR STRANGE IN THE MULTIVERSE OF MADNESS! / NAVY	45.0	0.23	315273.0	1337.0	23898.0	303318.0714285714	1283.8214285714287	23437.714285714286
n4wah1HS9r8	THE BATMAN: La Venganza Nunca Es Buena - Review	634.5	0.23	591956.0	2946.0	69585.0	553865.0357142857	2866.714285714286	67088.75
byGdRHmIfE0	LES PAGAMOS EL CARRO DE COMIDA A DESCONOCIDOS üòä	152.0	0.23	122056.0	478.0	13028.0	115696.71428571429	468.42857142857144	12423.32142857143
KTwuSBQT6Jg	TODO SOBRE JOHNNY DEPP vs AMBER HEARD ‚ö†Ô∏è | Parte 2	1415.5	0.04	209758.0	742.0	15223.0	190831.2142857143	709.8928571428571	14272.92857142857
15KlkBuKcp0	EL MADRID ELIMINA AL CITY EN 1 MINUTO | ES EL REY DE LA CHAMPIONS NO TIENE SENTIDO COMPETIRLES	843.5	0.23	219317.0	4712.0	12957.0	212605.67857142858	4765.5	12783.607142857143
kBArlifCKgo	F1¬Æ 22 | Miami International Autodrome	31.5	0.12	638109.0	1778.0	27231.0	626558.1428571428	1756.2142857142858	26987.714285714286
zzG7rdGjsHI	HERMANITO NUEVO (las hermanas de tiktok )	316.0	0.06	428107.0	478.0	11594.0	399135.21428571426	471.10714285714283	11090.357142857143
beCrjZC0y_s	HAZ UN PASTEL KAWAII EN UN CALDERO M√ÅGICO #Shorts	23.0	0.04	4218897.0	391.0	319216.0	3681805.1428571427	347.82142857142856	278394.0714285714
Kjgo-XOpUpg	üí™ CONSIGUE TU CAMBIO F√çSICO - RUTINA de EJERCICIOS en CASA - RETO FUERTACO D√çA 2	1247.0	0.02	86112.0	289.0	4622.0	80866.32142857143	284.35714285714283	4459.642857142857
g9g9Y3BgYMQ	Dave Chappelle ATTACKED by Armed Man on Stage in LA	51.5	0.04	3981256.0	16531.0	50357.0	3973139.3214285714	16549.35714285714	50267.03571428572
ONj9cvHCado	Rammstein - Angst (Official Video)	172.5	0.17	11089346.0	0.0	506910.0	10447641.714285715	0.0	495400.10714285716
CxCRP5tLc4U	KAROL G - PROVENZA (Letra)	101.5	0.17	799883.0	118.0	7363.0	629684.3214285715	102.92857142857143	6118.214285714285
y_HkN_l9edU	Rueda de prensa de GUARDIOLA post Real Madrid 3-1 Real Madrid CF (04/05/2022)	157.5	0.22	729282.0	1097.0	6496.0	715961.1428571428	1087.5714285714287	6423.107142857143
Qr-HsEs0sHY	Le ESCRIBO a m√°s de 100 FAMOSOS en INSTAGRAM con el VERIFICADO *contesta gente muy √©pica* üò±	869.5	0.23	62381.0	114.0	4681.0	57162.71428571428	111.78571428571429	4381.071428571428
nWMCS0z-1gk	Chica Impopular Rica VS Chica Popular Pobre || Millonaria en la Escuela	1511.5	0.05	857790.0	88.0	8833.0	737509.8928571428	76.10714285714286	7780.821428571428
qWuFG8D88Cc	Petit Ribery x Daby - Mortal Kombat (Videoclip)	65.5	0.17	48454.0	92.0	2093.0	44174.107142857145	87.82142857142857	2021.4642857142858
SwR-_hwpvjU	Spider-Man: No Way Home | #TeLoResumo	438.0	0.02	1810604.0	5195.0	181184.0	1631767.75	4881.785714285715	169154.0
FStsuHe5Fio	DOUZI - Mustahil   |   ÿØŸàÿ≤Ÿä - ŸÖÿ≥ÿ™ÿ≠ŸäŸÑ    [ Official Music Video  4K  ]	118.0	0.17	3954479.0	9506.0	72531.0	3055821.4285714286	8416.0	62507.107142857145
oEM6znSUsto	NADIE PUEDE MENTIRME | Fabru Blacutt	23.5	0.06						
uVqtT8a530A	RESUMEN - REAL MADRID 3-1 MANCHESTER CITY	155.5	0.05	1542185.0	1764.0	21350.0	1461096.107142857	1723.7142857142858	20790.10714285714
-UnGepTxa2k	TRUENO lanza TREMENDO FREESTYLE JUNTO a GORILLAZ	117.5	0.17	1090569.0	1794.0	50373.0	941933.0714285715	1625.3214285714287	44778.857142857145
X3mAMO9aG8Q	üõíDE COMPRAS en el ARMARIO de WERLYB	261.5	0.23	37953.0	65.0	3892.0	35048.17857142857	64.96428571428571	3674.1071428571427
htMFzouWn4k	¬øPRIMER TROFEO DE LA HISTORIA DE PORCINOS FC? DjMaRiiO	9317.0	0.12	1052627.0	293.0	38611.0	1048090.4642857143	291.25	38504.642857142855
VGzHbj2Og18	Resumen de FC Barcelona vs RCD Mallorca (2-1)	99.5	0.22	1721321.0	591.0	37586.0	1706194.107142857	589.9642857142857	37350.92857142857
g0DAjWEHTYc	Un tour por mi casa/museo	953.5	0.23	758258.0	1940.0	76487.0	717788.9642857143	1834.0357142857142	73522.21428571429
Sf46fi2Kf-g	EL MAYOR ROBO DE LA HISTORIA DE PORCINOS FC - FIFA 22	562.5	0.23	1197981.0	783.0	78976.0	1149208.0	771.1428571428571	76728.03571428571
4a5nplzhG6g	"üèÜLA NARRACI√ìN M√ÅS BRUTAL DEL REAL MADRID 3 - 1 MAN CITY | Antonio Romero:""En el Bernab√©u TOCA MAMAR"""	232.0	0.22	324504.0	260.0	5519.0	264527.89285714284	222.67857142857142	4505.25
pGywh9DauVE	üî¥ARKADIA - EVENTO DE CARRETAS DE CABALLO!!! QUIEN GANARA?	5253.5	0.12	372984.0	131.0	20588.0	356002.8214285714	126.82142857142857	19872.5
aj7s2vylnZc	üò¢JUANMA RODR√çGUEZ rompe a LLORAR tras la REMONTADA ante el CITY	131.0	0.22	694914.0	994.0	19592.0	659352.1428571428	956.7142857142857	18977.928571428572
qeH6HWd-Q58	üèÜ‚öΩÔ∏è REAL MADRID - MANCHESTER CITY EN DIRECTO  | Vuelta de las semifinales de la Champions League	8347.5	0.22	96902.0	35.0	706.0	95890.57142857143	33.57142857142857	699.1428571428571
Nq6-dEj8AkA	PUES... MERAZO AL VIVO desde KAYAK!! [Part√≠ la ca√±a en el proceso... ojal√° os hubiera hecho caso...]	854.5	0.23	28534.0	217.0	1414.0	26138.75	212.96428571428572	1363.0357142857142
6N22wYwItDs	Ronela Hajati - Sekret - Exclusive Rehearsal Clip - Albania üá¶üá±  - Eurovision 2022	22.5	0.23	583771.0	2136.0	9981.0	523094.5714285714	2045.5357142857142	9432.642857142857
UwAOn6UPh9w	RESUMEN - VILLARREAL 2-3 LIVERPOOL	155.5	0.05	608746.0	774.0	8311.0	604598.6785714285	775.0357142857143	8284.75
