hse_g-YZ754	3720609
o__3fco3RxM	804931
JktwRXYTDYc	4571307
5O69clHm2wE	245312
2_4sx92TO0Y	3464495
m20eY8gcoMk	428042
Lygx457WFTM	491718
Lsbt0bWqIjo	271176
DEuiAx4r2fU	335902
Do1MTPUQ1Ss	333632
4bpbolK_3q4	326365
jjY3LDm7AQw	1294755
Dvbs6je5_DI	639476
1pU2uRl5GzQ	1734781
Ylkq7x5gGxM	81011
SRRBKMbZmI8	369821
KYw10Eie_-M	786866
pA3k6-ZWzBU	217799
QO7e_RiMVQg	11845926
gf5KCQX5Ons	267713
6T4tUHiOeLk	97707
YZuL90fj9V8	377933
2zFD9kxQXwU	1235256
zwrTdw8LpIg	2195846
xRERAqW-4DM	509715
jmWahXQsjBk	135636
EVgDwM6AwAQ	719895
0evQ8jIDp0c	635132
0sVtEAEphSA	526813
Skfi8knijbY	815955
z2JmKR_STSw	10442138
x0nkYuceo6c	2074081
w1g_LyCcekU	3558621
Z_z6fuStGEM	483735
hnSvVqj5j_I	510872
qVvyyNtXc5s	932874
nWBbzqi_CqI	141669
AMazCOhvs8k	3312700
Ihjd5MW3Sik	671726
v9tGy755jEc	3126719
6Uc4cQ-RNq8	232352
b7wkATaFFak	1152286
IVxSK4gGDdE	286506
OGj0zBkAMhk	967193
8ZssJxbjCrI	144561
Ovs3MbDWXqM	2304063
ShdFZYD5YLQ	2068239
tzwxUoQbhNc	200549
R3ZaW7KhaWs	385100
vdkJYWCJKJo	242752
NOjZR_ZPw1I	1434810
mnC1Z4wxqLo	3181555
fZxqO7dd0qw	478662
TmKnWc97k-o	1365206
fnaDApWBnbw	548119
6dcbAbYhJMw	1438129
o5RhbG3tOT8	17555873
9FXZ8xk2VbI	982991
jeVqPpWlPxg	5286037
vp2rImrGE1w	1369714
1vQY-xQpb6w	132312
mEIzkTrAvrI	1637477
3yvVjrVpzws	995945
uK-JiLhKOKU	537854
zse3u1oVooY	1765154
3ILWjcGApWU	413204
6UIUnvwF9JA	300580
I6WGT41QbPQ	1567955
SGJoTuWmMmQ	325183
Sb2eX6tA_d4	319782
xAhVV-7Z1t4	231102
B3G4PfZH2yI	132340
uRHQskCeOxw	1163876
QlZjtudjVD0	6093523
fViLT6Jc_ug	1685395
VQ2yRoXQvVU	1576292
pcozYHHSnz0	371105
Zld_w0UfAgU	785038
nrnrYUZn9Wk	1160096
CYim-pwuqtA	142059
JHWqhCTqG3g	1240932
4vbDFu0PUew	31930594
kg4F7IOejHo	171337
Frpi1Wob4-I	1757155
OHUsPiXfcfM	8269702
gvJeucHQbKY	951178
EztDGXf7cj4	2631417
WQzPsqIP37w	329049
PKNDDnEU7aA	868152
ntocVvAV5aI	509351
ITSae5IpY6c	2500314
iAtcheL3PtA	429505
2JQPWREz2FU	786106
fJxLtBQYaKI	956198
jbjDNRgbrj0	2531192
kJQ3FkvUB20	3531787
dAbonQU2OkQ	611041
mkH7rVb6V68	5650476
75BThchsoe0	1088035
XAhcVf9J1Zc	362246
D9QxcFqx0aE	3220474
MSkST08_ks0	366222
Do3dF_nP2A4	370045
r8PhxRYWwYc	404898
gM7krybryzA	531540
E33MthiMQiE	468176
LCdAosclYME	1792438
FlxillzWdz0	3988585
kFKRcAwgl_E	651380
TJvNFsRoiDg	319122
QUfUBmICdpk	988546
Z9b0Hj-BfaM	9081407
k86yeNMh43o	513925
rJ8__hQAnUE	867196
xDzuH1fpGpQ	265567
dmBvnY4rKHg	6990505
-rR9702X4js	249157
_e-cyonSZ0w	659755
yIScEWE2Bf4	323403
85zWEfYBjOI	818680
XmjPQxYHQZg	977150
Ge2OOxa2Kho	992631
SyuUYR3a1mA	995099
MzybZ2cw8Ao	250308
3B3-mqpXCHc	1159578
KuhfXzyIiOU	446735
FBX87W9n7z4	120771
U9o7k7_H0M0	1093881
ZeB01dyFaGs	854523
EvmjUfzIppY	348468
jHX3CSsW__8	280143
rkiTIJgXJJE	653884
ad4XOIWYThw	109131
fogtIQuw5bs	421895
j2q5LxheI34	128662
kc4dA_apaCg	354769
M-WL5R-2Ydk	7499811
nASAy1vvhQo	403141
Qbxk249Up3c	335122
tYRyOmm7abM	281092
0Dz8SebIq3s	4353634
wvCDZPgJFIE	776381
UPt1TGUQsi4	1714144
qmJ46RgypNw	318127
zdBthc6fCk4	5971979
Jee8i2y0V8Y	498248
RK4C1Kid1d4	392169
8dJyRm2jJ-U	87182822
zctxEfFi9Gc	1680947
FjDa0Yd_87g	1673708
aYsMWLzxOlM	658053
JY9AgYsrnn4	678360
loffpQjPolg	413838
cqyMe-l_fOk	867273
xrxz-V7U4M8	723337
V-xDQ9CTxLw	114744
-qWaTIh9NC8	480371
RhAa5Urbdnw	907601
fImh1dYcw_E	1399708
_iz5_DuY_II	6395439
kjx4ZnU-Tgo	609093
fCsxBkCc5k0	3152877
IKACKeHiXq8	1451881
_5oh2zx9Cxc	576673
IyH80ST58xg	1473562
HUkYoVEvCuE	1574412
Dv7pzjqY2Ac	530013
8z0PcVZoP88	266527
I7Xv3TCIOOg	347962
nPAuRGI9Fy0	2050389
RECBjEvL_pw	518604
kAzJIVMnadg	2282801
poj4VeRZxg0	427286
en0EM51oC6M	162519
5JfMgST7pD8	848262
oRrCRTgg8eM	8593598
YiTMyu-r_Ko	3494730
GKmV8dsTu2I	602607
osa7x8qUVec	10000511
gPnN5zTfHJs	384554
Wy7TcYI8_vY	293757
VdDL-tmVx1E	1045141
zadH47mUpPo	734596
C7HW17Vojj4	3082928
YqhYoCLufSI	104704
qTCeSNvhDpg	420945
fwa4qe-PvVE	150758
Xab3v0eMUpA	245509
98EmLq8-6aA	1433512
hjBe51tYCoY	341461
wEO3RbPJGfI	151681
kiVhfe4g_DA	287119
ZrQOe9MS6hU	2551547
SZKdihgqKqo	332279
sNRTvhiAeuU	2146794
ppTp-5qvDZQ	828230
5OeBMhDGBsw	1165269
dodTpeYwk7E	2543979
c5YpNtu1ufs	1073909
5i1urFIUkFA	211771
